name,GMT_Formula,country,lat,long,timezone
Ponta Delgada,GMT-01:00,Portugal,37.75,-25.66666603,Azores Standard Time
Praia,GMT-01:00,Cape Verde,14.91666698,-23.51666641,Cape Verde Standard Time
Bahia Blanca,GMT-03:00,Argentina,-38.73333359,-62.26638794,Argentina Standard Time
Buenos Aires,GMT-03:00,Argentina,-34.5830574,-58.66666794,Argentina Standard Time
Cordoba,GMT-03:00,Argentina,-31.41666603,-64.18333435,Argentina Standard Time
Corrientes,GMT-03:00,Argentina,-27.4711113,-58.83972168,Argentina Standard Time
Posadas,GMT-03:00,Argentina,-27.39972305,-55.90000153,Argentina Standard Time
Rio Cuarto,GMT-03:00,Argentina,-33.12805557,-64.35472107,Argentina Standard Time
Rosario,GMT-03:00,Argentina,-32.93333435,-60.66666794,Argentina Standard Time
San Lorenzo,GMT-03:00,Argentina,-32.75,-60.76638794,Argentina Standard Time
Santa Fe,GMT-03:00,Argentina,-31.61666679,-60.70000076,Argentina Standard Time
Tucuman,GMT-03:00,Argentina,-26.80833244,-65.21749878,Argentina Standard Time
Palmas,GMT-03:00,Brazil,-10.16888905,-48.33166504,Bahia Brazil Standard Time
Salvador,GMT-03:00,Brazil,-11.03333378,-37.51638794,Bahia Brazil Standard Time
Arraial do Cabo,GMT-03:00,Brazil,-22.96611023,-42.0288887,E. South America Standard Time
Belo Horizonte,GMT-03:00,Brazil,-19.81583405,-43.95416641,E. South America Standard Time
Brasilia,GMT-03:00,Brazil,-15.7919445,-47.89777756,E. South America Standard Time
Campinas,GMT-03:00,Brazil,-22.90638924,-47.0616684,E. South America Standard Time
Curitiba,GMT-03:00,Brazil,-25.42972183,-49.27111053,E. South America Standard Time
Petropolis,GMT-03:00,Brazil,-22.5047226,-43.18222046,E. South America Standard Time
Porto Alegre,GMT-03:00,Brazil,-30.03333282,-51.20000076,E. South America Standard Time
Rio de Janeiro,GMT-03:00,Brazil,-22.90361023,-43.20944595,E. South America Standard Time
Sao Jose do Rio Preto,GMT-03:00,Brazil,-20.80805588,-49.38083267,E. South America Standard Time
Sao Paulo,GMT-03:00,Brazil,-22.43333244,-45.36666489,E. South America Standard Time
Stanley,GMT-03:00,Falkland Islands,-51.70000076,-57.84972382,Falkland Islands Standard Time
Catamarca,GMT-03:00,Argentina,-28.46611023,-65.78083038,SA Eastern Standard Time
Cayenne,GMT-03:00,French Guiana,4.933333397,-52.33333206,SA Eastern Standard Time
Fortaleza,GMT-03:00,Brazil,-3.75,-38.58333206,SA Eastern Standard Time
Joao Pessoa,GMT-03:00,Brazil,-7.13166666,-34.85388947,SA Eastern Standard Time
Jujuy,GMT-03:00,Argentina,-24.1977787,-65.30083466,SA Eastern Standard Time
La Rioja,GMT-03:00,Argentina,-29.41277695,-66.85472107,SA Eastern Standard Time
Macapa,GMT-03:00,Brazil,0.034444444,-51.06666565,SA Eastern Standard Time
Mendoza,GMT-03:00,Argentina,-32.88249969,-68.81639099,SA Eastern Standard Time
Neuquen,GMT-03:00,Argentina,-38.95000076,-68.06666565,SA Eastern Standard Time
Olinda,GMT-03:00,Brazil,-8,-34.84999847,SA Eastern Standard Time
Paramaribo,GMT-03:00,Suriname,5.816666603,-55.16666794,SA Eastern Standard Time
Rawson,GMT-03:00,Argentina,-43.29999924,-65.10028076,SA Eastern Standard Time
Recife,GMT-03:00,Brazil,-8.054166794,-34.8758316,SA Eastern Standard Time
Rio Gallegos,GMT-03:00,Argentina,-51.61639023,-69.23305511,SA Eastern Standard Time
Salta,GMT-03:00,Argentina,-24.7891674,-65.40805817,SA Eastern Standard Time
San Juan,GMT-03:00,Argentina,-31.53444481,-68.52694702,SA Eastern Standard Time
Santa Rosa,GMT-03:00,Argentina,-36.62749863,-64.28778076,SA Eastern Standard Time
Santarem,GMT-03:00,Brazil,-2.440555573,-54.69861221,SA Eastern Standard Time
Ushuaia,GMT-03:00,Argentina,-54.78305435,-68.31639099,SA Eastern Standard Time
Viedma,GMT-03:00,Argentina,-40.81361008,-62.99416733,SA Eastern Standard Time
Kulusuk,GMT-03:00,Greenland,65.5680542,-37.1875,Greenland Standard Time
Nuuk,GMT-03:00,Greenland,64.18333435,-51.71666718,Greenland Standard Time
San Luis,GMT-03:00,Argentina,-33.31583405,-66.34750366,Argentina - San Luis Standard Time
Saint-Pierre,GMT-03:00,Saint Pierre and Miquelon,46.78305435,-56.18333435,St Pierre and Miquelon Standard Time
Montevideo,GMT-03:00,Uruguay,-34.90000153,-56.15000153,Uruguay Standard Time
Rivera,GMT-03:00,Uruguay,-30.89999962,-55.54999924,Uruguay Standard Time
Salto,GMT-03:00,Uruguay,-31.39999962,-57.96666718,Uruguay Standard Time
San Carlos,GMT-03:00,Uruguay,-34.79999924,-54.91666794,Uruguay Standard Time
Tacuarembo,GMT-03:00,Uruguay,-31.70000076,-55.98333359,Uruguay Standard Time
"St. John's NL",GMT-03:30,Canada,47.57666779,-52.70111084,Newfoundland Standard Time
"Amherst NS",GMT-04:00,Canada,45.83000183,-64.20527649,Atlantic Standard Time
"Charlottetown PE",GMT-04:00,Canada,46.23527908,-63.12666702,Atlantic Standard Time
"Halifax NS",GMT-04:00,Canada,44.64611053,-63.57361221,Atlantic Standard Time
Hamilton,GMT-04:00,Bermuda,32.29999924,-64.80000305,Atlantic Standard Time
"Moncton NB",GMT-04:00,Canada,46.09444427,-64.77527618,Atlantic Standard Time
"Saint John NB",GMT-04:00,Canada,45.27305603,-66.0633316,Atlantic Standard Time
"Sydney NS",GMT-04:00,Canada,46.15000153,-60.20000076,Atlantic Standard Time
Arica,GMT-04:00,Chile,-18.45444489,-70.29027557,Chile Standard Time
Santiago,GMT-04:00,Chile,-33.44999695,-70.66670227,Chile Standard Time
Valdivia,GMT-04:00,Chile,-39.82416534,-73.21333313,Chile Standard Time
Valparaiso,GMT-04:00,Chile,-33.04555511,-71.6202774,Chile Standard Time
Vina del Mar,GMT-04:00,Chile,-33.02444458,-71.55222321,Chile Standard Time
Cuiaba,GMT-04:00,Brazil,-15.59888935,-56.09500122,Cuiaba Standard Time
Basse-Terre,GMT-04:00,Guadeloupe,16,-61.71666718,SA Western Standard Time
Basseterre,GMT-04:00,Saint Kitts and Nevis,17.29999924,-62.73333359,SA Western Standard Time
Bridgetown,GMT-04:00,Barbados,13.10000038,-59.61666489,SA Western Standard Time
Castries,GMT-04:00,Saint Lucia,14,-60.98333359,SA Western Standard Time
Charlotte Amalie,GMT-04:00,"Virgin Islands U.S.",18.35000038,-64.93333435,SA Western Standard Time
Fort-de-France,GMT-04:00,Martinique,14.60000038,-61.06666565,SA Western Standard Time
Georgetown,GMT-04:00,Guyana,6.783333302,-58.15000153,SA Western Standard Time
Kingstown,GMT-04:00,Saint Vincent and the Grenadines,13.19999981,-61.26666641,SA Western Standard Time
La Paz,GMT-04:00,Bolivia,-16.04999924,-68.01499939,SA Western Standard Time
Manaus,GMT-04:00,Brazil,-3.116666555,-60.01666641,SA Western Standard Time
Oranjestad,GMT-04:00,Aruba,12.52444458,-70.02639008,SA Western Standard Time
Philipsburg,GMT-04:00,Sint Maarten,18.02916718,-63.04750061,SA Western Standard Time
Port of Spain,GMT-04:00,Trinidad and Tobago,10.66666698,-61.5,SA Western Standard Time
Puerto Plata,GMT-04:00,Dominican Republic,19.7966671,-70.69249725,SA Western Standard Time
Road Town,GMT-04:00,"Virgin Islands British",18.43333244,-64.6166687,SA Western Standard Time
Roseau,GMT-04:00,Dominica,15.30000019,-61.38333511,SA Western Standard Time
Saint George's,GMT-04:00,Grenada,12.05000019,-61.75,SA Western Standard Time
San Juan,GMT-04:00,Puerto Rico,18.43333244,-66.1333313,SA Western Standard Time
Santiago de los Caballeros,GMT-04:00,Dominican Republic,19.45000076,-70.69999695,SA Western Standard Time
Santo Domingo,GMT-04:00,Dominican Republic,18.48333359,-69.91666412,SA Western Standard Time
St. John's,GMT-04:00,Antigua and Barbuda,17.11666679,-61.83333206,SA Western Standard Time
Willemstad,GMT-04:00,Curacao,12.10000038,-68.93333435,SA Western Standard Time
Asuncion,GMT-04:00,Paraguay,-25.29999924,-57.63333511,Paraguay Standard Time
Pedro Juan Caballero,GMT-04:00,Paraguay,-22.53333282,-55.75,Paraguay Standard Time
Barcelona,GMT-04:30,Venezuela,10.13305569,-64.71666718,Venezuela Standard Time
Caracas,GMT-04:30,Venezuela,10.5,-66.91666412,Venezuela Standard Time
Ambato,GMT-05:00,Ecuador,-1.240277767,-78.62000275,SA Pacific Standard Time
Arequipa,GMT-05:00,Peru,-16.38333321,-71.51667023,SA Pacific Standard Time
Bogota,GMT-05:00,Colombia,4.599999905,-74.08333588,SA Pacific Standard Time
Cuenca,GMT-05:00,Ecuador,-2.896111012,-79.00527954,SA Pacific Standard Time
George Town,GMT-05:00,Cayman Islands,19.29583359,-81.3758316,SA Pacific Standard Time
Guayaquil,GMT-05:00,Ecuador,-2.200000048,-79.90000153,SA Pacific Standard Time
Kingston,GMT-05:00,Jamaica,17.96666718,-75.19999695,SA Pacific Standard Time
Lima,GMT-05:00,Peru,-12.05000019,-77.05000305,SA Pacific Standard Time
Medellin,GMT-05:00,Colombia,6.235833168,-75.57527924,SA Pacific Standard Time
Panama City,GMT-05:00,Panama,8.94972229,-78.5,SA Pacific Standard Time
Piura,GMT-05:00,Peru,-5.193611145,-80.62472534,SA Pacific Standard Time
Quito,GMT-05:00,Ecuador,-0.216705322,-78.5,SA Pacific Standard Time
Sullana,GMT-05:00,Peru,-4.891944408,-80.68416595,SA Pacific Standard Time
Trujillo,GMT-05:00,Peru,-8.112500191,-79.02999878,SA Pacific Standard Time
Cienfuegos,GMT-05:00,Cuba,22.16638947,-80.44972229,Cuba Standard Time
Havana,GMT-05:00,Cuba,23.13305473,-81.6166687,Cuba Standard Time
Manzanillo,GMT-05:00,Cuba,20.35000038,-77.1166687,Cuba Standard Time
Santa Clara,GMT-05:00,Cuba,22.41638947,-79.96666718,Cuba Standard Time
Santiago de Cuba,GMT-05:00,Cuba,20.01638794,-75.81639099,Cuba Standard Time
"Akron OH",GMT-05:00,United States,41.08333206,-81.51667023,Eastern Standard Time
"Albany NY",GMT-05:00,United States,42.65000153,-73.75,Eastern Standard Time
"Alert NU",GMT-05:00,Canada,82.46666718,-62.5,Eastern Standard Time
"Annapolis MD",GMT-05:00,United States,38.97833252,-76.49250031,Eastern Standard Time
"Atlanta GA",GMT-05:00,United States,33.75,-84.38305664,Eastern Standard Time
"Augusta ME",GMT-05:00,United States,44.31638718,-69.78305817,Eastern Standard Time
"Baltimore MD",GMT-05:00,United States,39.28305435,-76.6166687,Eastern Standard Time
"Barrie ON",GMT-05:00,Canada,44.37805557,-79.70166779,Eastern Standard Time
"Boston MA",GMT-05:00,United States,42.36639023,-71.06639099,Eastern Standard Time
"Buffalo NY",GMT-05:00,United States,42.88333511,-78.8833313,Eastern Standard Time
"Chantilly VA",GMT-05:00,United States,38.87722397,-77.40888977,Eastern Standard Time
"Charleston WV",GMT-05:00,United States,38.35333252,-81.63527679,Eastern Standard Time
"Charlotte NC",GMT-05:00,United States,35.23333359,-80.84972382,Eastern Standard Time
"Chattanooga TN",GMT-05:00,United States,35.04999924,-85.31666565,Eastern Standard Time
"Cincinnati OH",GMT-05:00,United States,39.16666794,-84.44972229,Eastern Standard Time
"Cleveland OH",GMT-05:00,United States,41.5,-81.69999695,Eastern Standard Time
Cockburn Town,GMT-05:00,Turks and Caicos Islands,21.46666718,-71.1333313,Eastern Standard Time
"Columbia SC",GMT-05:00,United States,34.01638794,-81,Eastern Standard Time
"Columbus GA",GMT-05:00,United States,32.46666718,-84.98332977,Eastern Standard Time
"Columbus OH",GMT-05:00,United States,39.96666718,-83,Eastern Standard Time
"Dayton OH",GMT-05:00,United States,39.76666641,-84.19999695,Eastern Standard Time
"Detroit MI",GMT-05:00,United States,42.33139038,-83.04582977,Eastern Standard Time
"Dublin OH",GMT-05:00,United States,40.09916687,-83.11416626,Eastern Standard Time
"Folcroft PA",GMT-05:00,United States,39.89083481,-75.28388977,Eastern Standard Time
"Ft. Lauderdale FL",GMT-05:00,United States,26.1222229,-80.14333344,Eastern Standard Time
"Grand Rapids MI",GMT-05:00,United States,42.96666718,-85.66666412,Eastern Standard Time
"Guelph ON",GMT-05:00,Canada,43.54999924,-80.25,Eastern Standard Time
"Hamilton ON",GMT-05:00,Canada,43.25,-79.84999847,Eastern Standard Time
"Hudson MA",GMT-05:00,United States,42.39166641,-71.56666565,Eastern Standard Time
"Huntingdon QC",GMT-05:00,Canada,45.09194565,-74.17666626,Eastern Standard Time
"Huntington WV",GMT-05:00,United States,38.41055679,-82.42861176,Eastern Standard Time
"Indianapolis IN",GMT-05:00,United States,39.76638794,-86.15000153,Eastern Standard Time
"Iqaluit NU",GMT-05:00,Canada,63.74139023,-68.50971985,Eastern Standard Time
"Jacksonville FL",GMT-05:00,United States,30.33333397,-81.65000153,Eastern Standard Time
"Jersey City NJ",GMT-05:00,United States,40.72805405,-74.07777405,Eastern Standard Time
"Kingston ON",GMT-05:00,Canada,44.23333359,-76.5,Eastern Standard Time
"Kitchener ON",GMT-05:00,Canada,43.45000076,-80.5,Eastern Standard Time
"Lakeland FL",GMT-05:00,United States,28.03944397,-81.94972229,Eastern Standard Time
"Lansing MI",GMT-05:00,United States,42.73361206,-84.54666901,Eastern Standard Time
"Lexington KY",GMT-05:00,United States,38.0316658,-84.4952774,Eastern Standard Time
"London ON",GMT-05:00,Canada,42.98249817,-81.25389099,Eastern Standard Time
"Long Branch NJ",GMT-05:00,United States,40.29583359,-73.99055481,Eastern Standard Time
"Louisville KY",GMT-05:00,United States,38.25,-85.76667023,Eastern Standard Time
"Melbourne FL",GMT-05:00,United States,28.08333397,-80.59999847,Eastern Standard Time
"Miami FL",GMT-05:00,United States,25.77416611,-80.1902771,Eastern Standard Time
"Miramar FL",GMT-05:00,United States,25.97861099,-80.33361053,Eastern Standard Time
"Mississauga ON",GMT-05:00,Canada,43.54861069,-79.62638855,Eastern Standard Time
"Montpelier VT",GMT-05:00,United States,44.26277924,-72.5716629,Eastern Standard Time
"Montreal QC",GMT-05:00,Canada,45.54555511,-73.63916779,Eastern Standard Time
"Myrtle Beach SC",GMT-05:00,United States,33.69666672,-78.89416504,Eastern Standard Time
Nassau,GMT-05:00,Bahamas,25.06666756,-77.33333588,Eastern Standard Time
"New York NY",GMT-05:00,United States,40.73333359,-73.91638947,Eastern Standard Time
"Newark NJ",GMT-05:00,United States,40.73555374,-74.17250061,Eastern Standard Time
"Niagara Falls NY",GMT-05:00,United States,43.09999847,-79.05000305,Eastern Standard Time
"Niagara Falls ON",GMT-05:00,Canada,43.09999847,-79.09999847,Eastern Standard Time
"Norfolk VA",GMT-05:00,United States,36.84999847,-76.28333282,Eastern Standard Time
"North Bay ON",GMT-05:00,Canada,46.31916809,-79.43416595,Eastern Standard Time
"Ocala FL",GMT-05:00,United States,29.18777847,-82.1305542,Eastern Standard Time
"Orlando FL",GMT-05:00,United States,28.53305626,-81.38305664,Eastern Standard Time
"Oshawa ON",GMT-05:00,Canada,43.88999939,-78.86000061,Eastern Standard Time
"Ottawa ON",GMT-05:00,Canada,45.42361069,-75.69805908,Eastern Standard Time
"Parsippany NJ",GMT-05:00,United States,40.85777664,-74.42694092,Eastern Standard Time
"Philadelphia PA",GMT-05:00,United States,39.95166779,-75.16388702,Eastern Standard Time
"Pickering ON",GMT-05:00,Canada,43.83805466,-79.08361053,Eastern Standard Time
"Pittsburgh PA",GMT-05:00,United States,40.4383316,-80.0019455,Eastern Standard Time
"Point Pleasant Beach NJ",GMT-05:00,United States,40.09166718,-74.04972076,Eastern Standard Time
"Port Orange FL",GMT-05:00,United States,29.13333321,-81,Eastern Standard Time
Port-au-Prince,GMT-05:00,Haiti,18.53305626,-72.33333588,Eastern Standard Time
"Princeton NJ",GMT-05:00,United States,40.34972382,-74.65972137,Eastern Standard Time
"Quebec City QC",GMT-05:00,Canada,46.8125,-71.21472168,Eastern Standard Time
"Raleigh NC",GMT-05:00,United States,35.77972412,-78.64333344,Eastern Standard Time
"Richmond IN",GMT-05:00,United States,39.82888794,-84.89027405,Eastern Standard Time
"Richmond VA",GMT-05:00,United States,37.55361176,-77.46055603,Eastern Standard Time
"Saxonburg PA",GMT-05:00,United States,40.75,-79.81666565,Eastern Standard Time
"St. Catharines ON",GMT-05:00,Canada,43.16666794,-79.25,Eastern Standard Time
"Stamford CT",GMT-05:00,United States,41.05527878,-73.53111267,Eastern Standard Time
"Syracuse NY",GMT-05:00,United States,43.04805374,-76.14778137,Eastern Standard Time
"Tampa FL",GMT-05:00,United States,27.95000076,-82.46666718,Eastern Standard Time
"Toledo OH",GMT-05:00,United States,41.66666794,-83.55000305,Eastern Standard Time
"Toronto ON",GMT-05:00,Canada,43.67027664,-79.38666534,Eastern Standard Time
"Vienna VA",GMT-05:00,United States,38.9011116,-77.26527405,Eastern Standard Time
"Washington DC",GMT-05:00,United States,38.88333511,-77.03333282,Eastern Standard Time
"Waterloo ON",GMT-05:00,Canada,43.53333282,-80.53333282,Eastern Standard Time
"Westford MA",GMT-05:00,United States,42.57916641,-71.4383316,Eastern Standard Time
"Windsor ON",GMT-05:00,Canada,42.29277802,-82.9936142,Eastern Standard Time
"Winston-Salem NC",GMT-05:00,United States,36.09472275,-80.24333191,Eastern Standard Time
Eirunepe,GMT-05:00,Brazil,-6.660277843,-69.87444305,"Rio Branco Brazil"
Rio Branco,GMT-05:00,Brazil,-9.973889351,-67.80750275,"Rio Branco Brazil"
Alajuela,GMT-06:00,Costa Rica,10.01666641,-84.21666718,Central America Standard Time
Belize City,GMT-06:00,Belize,17.49777794,-88.1866684,Central America Standard Time
Belmopan,GMT-06:00,Belize,17.26666641,-88.78333282,Central America Standard Time
Chinandega,GMT-06:00,Nicaragua,12.63333321,-87.1333313,Central America Standard Time
Granada,GMT-06:00,Nicaragua,11.92805576,-85.95999908,Central America Standard Time
Heredia,GMT-06:00,Costa Rica,9.991944313,-84.12000275,Central America Standard Time
La Libertad,GMT-06:00,El Salvador,13.5666666,-89.28333282,Central America Standard Time
La Union,GMT-06:00,El Salvador,13.33333302,-87.84999847,Central America Standard Time
Managua,GMT-06:00,Nicaragua,12.10000038,-85.69999695,Central America Standard Time
Olanchito,GMT-06:00,Honduras,15.48333359,-86.56639099,Central America Standard Time
Puerto Ayora,GMT-06:00,Ecuador,-0.745277762,-90.31361389,Central America Standard Time
Puerto Baquerizo Moreno,GMT-06:00,Ecuador,-0.901388884,-89.61055756,Central America Standard Time
San Isidro,GMT-06:00,Costa Rica,9.368888855,-83.70694733,Central America Standard Time
San Jose,GMT-06:00,Costa Rica,9.933333397,-84.08333588,Central America Standard Time
San Pedro Sula,GMT-06:00,Honduras,15.5,-88.03305817,Central America Standard Time
San Salvador,GMT-06:00,El Salvador,13.69999981,-89.19999695,Central America Standard Time
Santa Ana,GMT-06:00,El Salvador,13.99611092,-89.55249786,Central America Standard Time
Santa Rosa,GMT-06:00,Honduras,14.76638889,-88.78305817,Central America Standard Time
Tegucigalpa,GMT-06:00,Honduras,14.10000038,-87.21666718,Central America Standard Time
"Austin TX",GMT-06:00,United States,30.26638794,-97.75,Central Standard Time
"Baton Rouge LA",GMT-06:00,United States,30.45000076,-91.15000153,Central Standard Time
"Birmingham AL",GMT-06:00,United States,33.51666641,-86.80000305,Central Standard Time
"Bismarck ND",GMT-06:00,United States,46.81638718,-100.7830582,Central Standard Time
"Champaign IL",GMT-06:00,United States,40.11639023,-88.24333191,Central Standard Time
"Chicago IL",GMT-06:00,United States,41.84972382,-87.65000153,Central Standard Time
Ciudad Acuna,GMT-06:00,Mexico,29.31833267,-100.9325027,Central Standard Time
"Dallas TX",GMT-06:00,United States,32.76666641,-96.80000305,Central Standard Time
"Del Rio TX",GMT-06:00,United States,29.36277771,-100.8969421,Central Standard Time
"Des Moines IA",GMT-06:00,United States,41.59972382,-93.63305664,Central Standard Time
"Fort Worth TX",GMT-06:00,United States,32.73333359,-97.31666565,Central Standard Time
"Galesburg IL",GMT-06:00,United States,40.94777679,-90.37110901,Central Standard Time
"Gary IN",GMT-06:00,United States,41.59555435,-87.34527588,Central Standard Time
"Houston TX",GMT-06:00,United States,29.75,-95.38305664,Central Standard Time
"Jackson MS",GMT-06:00,United States,32.29999924,-90.18333435,Central Standard Time
"Jefferson City MO",GMT-06:00,United States,38.57666779,-92.1736145,Central Standard Time
"Kansas City MO",GMT-06:00,United States,39.09972382,-94.58333588,Central Standard Time
"Kosciusko MS",GMT-06:00,United States,33.04999924,-89.58333588,Central Standard Time
"Lafayette LA",GMT-06:00,United States,30.22416687,-92.01972198,Central Standard Time
"Lincoln NE",GMT-06:00,United States,40.81361008,-96.70249939,Central Standard Time
"Little Rock AR",GMT-06:00,United States,34.72444534,-92.27889252,Central Standard Time
"Lubbock TX",GMT-06:00,United States,33.57777786,-101.855278,Central Standard Time
"Madison WI",GMT-06:00,United States,43.06305695,-89.40083313,Central Standard Time
"Magnolia TX",GMT-06:00,United States,30.20916748,-95.75055695,Central Standard Time
Matamoros,GMT-06:00,Mexico,25.86111069,-97.50222015,Central Standard Time
"Memphis TN",GMT-06:00,United States,35.15000153,-90.05000305,Central Standard Time
"Milwaukee WI",GMT-06:00,United States,43.03333282,-87.90000153,Central Standard Time
"Minneapolis MN",GMT-06:00,United States,44.97750092,-93.26444244,Central Standard Time
"Mobile AL",GMT-06:00,United States,30.69444466,-88.04305267,Central Standard Time
"Montgomery AL",GMT-06:00,United States,32.37555695,-86.29972076,Central Standard Time
"Montgomery TX",GMT-06:00,United States,30.3880558,-95.69611359,Central Standard Time
"Nashville TN",GMT-06:00,United States,36.16666794,-86.78333282,Central Standard Time
"Navasota TX",GMT-06:00,United States,30.38333321,-96.08333588,Central Standard Time
"New Orleans LA",GMT-06:00,United States,29.9533329,-90.0688858,Central Standard Time
Nuevo Laredo,GMT-06:00,Mexico,27.48111153,-99.5605545,Central Standard Time
Ojinaga,GMT-06:00,Mexico,29.55583382,-104.417778,Central Standard Time
"Oklahoma City OK",GMT-06:00,United States,35.46666718,-97.51667023,Central Standard Time
"Omaha NE",GMT-06:00,United States,41.25972366,-95.9422226,Central Standard Time
"Pearl MS",GMT-06:00,United States,32.27444458,-90.13194275,Central Standard Time
"Pensacola FL",GMT-06:00,United States,30.4738884,-87.21221924,Central Standard Time
Piedras Negras,GMT-06:00,Mexico,28.6977787,-100.5247192,Central Standard Time
"Pierre SD",GMT-06:00,United States,44.37749863,-100.3177795,Central Standard Time
Reynosa,GMT-06:00,Mexico,26.06666756,-98.28305817,Central Standard Time
"Russell Springs KY",GMT-06:00,United States,37.05611038,-85.07194519,Central Standard Time
"San Antonio TX",GMT-06:00,United States,29.42499924,-98.4936142,Central Standard Time
"St. Louis MO",GMT-06:00,United States,38.63333511,-90.19999695,Central Standard Time
"St. Paul MN",GMT-06:00,United States,44.94472122,-93.10277557,Central Standard Time
"Tulsa OK",GMT-06:00,United States,36.09999847,-95.91666412,Central Standard Time
"Wichita KS",GMT-06:00,United States,37.70000076,-97.33333588,Central Standard Time
"Winnipeg MB",GMT-06:00,Canada,49.8955574,-97.13833618,Central Standard Time
Acapulco,GMT-06:00,Mexico,16.83888817,-99.90972137,Mexico Standard Time
Akumal,GMT-06:00,Mexico,20.39666748,-87.31361389,Mexico Standard Time
Cancun,GMT-06:00,Mexico,21.14777756,-86.83499908,Mexico Standard Time
Chichen Itza,GMT-06:00,Mexico,20.67833328,-88.5716629,Mexico Standard Time
Guadalajara,GMT-06:00,Mexico,20.66670227,-103.3332977,Mexico Standard Time
Ixtapa,GMT-06:00,Mexico,17.65333366,-101.5972214,Mexico Standard Time
Leon,GMT-06:00,Mexico,21.12361145,-101.6805573,Mexico Standard Time
Manzanillo,GMT-06:00,Mexico,19.05055618,-104.3172226,Mexico Standard Time
Melaque,GMT-06:00,Mexico,19.22527695,-104.7038879,Mexico Standard Time
Merida,GMT-06:00,Mexico,20.97972298,-89.6158371,Mexico Standard Time
Mexico City,GMT-06:00,Mexico,19.43305588,-99.13305664,Mexico Standard Time
Monterrey,GMT-06:00,Mexico,25.66670227,-100.3167038,Mexico Standard Time
Motul,GMT-06:00,Mexico,21.09444427,-89.28360748,Mexico Standard Time
Playa del Carmen,GMT-06:00,Mexico,20.62861061,-87.07971954,Mexico Standard Time
Progreso,GMT-06:00,Mexico,21.28000069,-89.66999817,Mexico Standard Time
Puebla,GMT-06:00,Mexico,19.04999924,-98.16666412,Mexico Standard Time
Puerto Vallarta,GMT-06:00,Mexico,20.65083313,-105.2152786,Mexico Standard Time
San Sebastian del Oeste,GMT-06:00,Mexico,20.76111031,-104.8527756,Mexico Standard Time
Santiago,GMT-06:00,Mexico,25.42777824,-100.1508331,Mexico Standard Time
Tizimin,GMT-06:00,Mexico,21.14583397,-88.15000153,Mexico Standard Time
Toluca de Lerdo,GMT-06:00,Mexico,19.29249954,-99.65694427,Mexico Standard Time
Veracruz,GMT-06:00,Mexico,19.17277718,-96.1333313,Mexico Standard Time
Zihuatanejo,GMT-06:00,Mexico,17.64444351,-101.5511093,Mexico Standard Time
Antigua,GMT-06:00,Guatemala,14.55000019,-90.73332977,Guatemala Standard Time
Guatemala City,GMT-06:00,Guatemala,14.625,-90.53277588,Guatemala Standard Time
Quezaltenango,GMT-06:00,Guatemala,14.83333302,-91.51667023,Guatemala Standard Time
"Regina SK",GMT-06:00,Canada,50.44722366,-104.6180573,Canada Central Standard Time
"Saskatoon SK",GMT-06:00,Canada,52.12916565,-106.6702805,Canada Central Standard Time
Bahia Kino,GMT-07:00,Mexico,28.8227787,-111.9363861,US Mountain Standard Time
"Chandler AZ",GMT-07:00,United States,33.30611038,-111.8405533,US Mountain Standard Time
Guaymas,GMT-07:00,Mexico,27.91388893,-110.9022217,US Mountain Standard Time
Hermosillo,GMT-07:00,Mexico,29.09166718,-110.9458313,US Mountain Standard Time
Nogales,GMT-07:00,Mexico,31.33083344,-110.944725,US Mountain Standard Time
"Phoenix AZ",GMT-07:00,United States,33.45000076,-112.066391,US Mountain Standard Time
Puerto Penasco,GMT-07:00,Mexico,31.31805611,-113.5366669,US Mountain Standard Time
"Quartzsite AZ",GMT-07:00,United States,33.66388702,-114.2300034,US Mountain Standard Time
San Carlos,GMT-07:00,Mexico,27.96388817,-111.0436096,US Mountain Standard Time
"Surprise AZ",GMT-07:00,United States,33.63833237,-112.4550018,US Mountain Standard Time
"Tucson AZ",GMT-07:00,United States,32.21666718,-110.9333344,US Mountain Standard Time
Cabo San Lucas,GMT-07:00,Mexico,22.89055634,-109.9166641,Mexico Standard Time 2
Chihuahua,GMT-07:00,Mexico,28.63330078,-106.0832977,Mexico Standard Time 2
Culiacan,GMT-07:00,Mexico,24.80416679,-107.3877792,Mexico Standard Time 2
La Paz,GMT-07:00,Mexico,24.13861084,-110.3174973,Mexico Standard Time 2
Las Varas,GMT-07:00,Mexico,21.17861176,-105.1355591,Mexico Standard Time 2
Los Mochis,GMT-07:00,Mexico,25.79166603,-108.9872208,Mexico Standard Time 2
Mazatlan,GMT-07:00,Mexico,23.21666718,-106.4166641,Mexico Standard Time 2
Tepic,GMT-07:00,Mexico,21.50388908,-104.8944473,Mexico Standard Time 2
"Aklavik NT",GMT-07:00,Canada,68.21666718,-135,Mountain Standard Time
"Albuquerque NM",GMT-07:00,United States,35.0830574,-106.6500015,Mountain Standard Time
"Banff AB",GMT-07:00,Canada,51.18083191,-115.5688858,Mountain Standard Time
"Billings MT",GMT-07:00,United States,45.78277588,-108.5044479,Mountain Standard Time
"Boise ID",GMT-07:00,United States,43.61639023,-116.1997223,Mountain Standard Time
"Calgary AB",GMT-07:00,Canada,51.05361176,-114.0625,Mountain Standard Time
"Canmore AB",GMT-07:00,Canada,51.08333206,-115.3333435,Mountain Standard Time
Ciudad Juarez,GMT-07:00,Mexico,31.73666573,-106.473053,Mountain Standard Time
"Colorado Springs CO",GMT-07:00,United States,38.83333206,-104.8166656,Mountain Standard Time
"Cranbrook BC",GMT-07:00,Canada,49.51805496,-115.7613907,Mountain Standard Time
"Denver CO",GMT-07:00,United States,39.75500107,-104.9880524,Mountain Standard Time
"Edmonton AB",GMT-07:00,Canada,53.54083252,-113.4936142,Mountain Standard Time
"El Paso TX",GMT-07:00,United States,31.76638794,-106.4830551,Mountain Standard Time
"Fort Defiance AZ",GMT-07:00,United States,35.74194336,-109.0666656,Mountain Standard Time
"Golden BC",GMT-07:00,Canada,51.29611206,-116.9630585,Mountain Standard Time
"Great Falls MT",GMT-07:00,United States,47.50027847,-111.3008347,Mountain Standard Time
"Helena MT",GMT-07:00,United States,46.59111023,-112.0205536,Mountain Standard Time
"Inuvik NT",GMT-07:00,Canada,68.35805511,-133.7236176,Mountain Standard Time
"Jasper AB",GMT-07:00,Canada,52.87916565,-118.0802765,Mountain Standard Time
"Red Deer AB",GMT-07:00,Canada,52.26805496,-113.8111115,Mountain Standard Time
"Rio Rancho NM",GMT-07:00,United States,35.28610992,-106.6705551,Mountain Standard Time
"Riverton UT",GMT-07:00,United States,40.52222061,-111.9388885,Mountain Standard Time
"Salt Lake City UT",GMT-07:00,United States,40.77166748,-111.8880539,Mountain Standard Time
"Santa Fe NM",GMT-07:00,United States,35.68166733,-105.9380569,Mountain Standard Time
"South Jordan UT",GMT-07:00,United States,40.56222153,-111.9297256,Mountain Standard Time
"Telluride CO",GMT-07:00,United States,37.9375,-107.8122253,Mountain Standard Time
"West Wendover NV",GMT-07:00,United States,40.73916626,-114.0733337,Mountain Standard Time
"Window Rock AZ",GMT-07:00,United States,35.67277908,-109.0622253,Mountain Standard Time
"Yellowknife NT",GMT-07:00,Canada,62.45527649,-114.3691635,Mountain Standard Time
"Abbotsford BC",GMT-08:00,Canada,49.06638718,-122.3000031,Pacific Standard Time
"Armstrong BC",GMT-08:00,Canada,50.44416809,-119.1961136,Pacific Standard Time
"Ashland OR",GMT-08:00,United States,42.18527603,-122.6980591,Pacific Standard Time
"Bellevue WA",GMT-08:00,United States,47.61055374,-122.1994476,Pacific Standard Time
"Burnaby BC",GMT-08:00,Canada,49.24888992,-122.9738922,Pacific Standard Time
"Cannon Beach OR",GMT-08:00,United States,45.88777924,-123.9627762,Pacific Standard Time
"Capitola CA",GMT-08:00,United States,36.97527695,-121.9522247,Pacific Standard Time
"Carson City NV",GMT-08:00,United States,39.16666794,-119.7666702,Pacific Standard Time
"Coos Bay OR",GMT-08:00,United States,43.36639023,-124.2177811,Pacific Standard Time
"Coquille OR",GMT-08:00,United States,43.17694473,-124.1875,Pacific Standard Time
"Cupertino CA",GMT-08:00,United States,37.53305435,-122.0500031,Pacific Standard Time
"DuPont WA",GMT-08:00,United States,47.0969429,-122.6299973,Pacific Standard Time
"Duvall WA",GMT-08:00,United States,47.74305725,-121.9858322,Pacific Standard Time
Ensenada,GMT-08:00,Mexico,31.86944389,-116.5936127,Pacific Standard Time
"Eugene OR",GMT-08:00,United States,44.04000092,-123.082222,Pacific Standard Time
"Florence OR",GMT-08:00,United States,43.98333359,-124.0999985,Pacific Standard Time
"Folsom CA",GMT-08:00,United States,38.67805481,-121.1750031,Pacific Standard Time
"Foster City CA",GMT-08:00,United States,37.55861282,-122.2711105,Pacific Standard Time
"Fremont CA",GMT-08:00,United States,37.54999924,-121.9833298,Pacific Standard Time
"Gig Harbor WA",GMT-08:00,United States,47.32694626,-122.5955582,Pacific Standard Time
"Hillsboro OR",GMT-08:00,United States,45.52305603,-122.9886093,Pacific Standard Time
"Hope BC",GMT-08:00,Canada,49.3805542,-121.4444427,Pacific Standard Time
"Irvine CA",GMT-08:00,United States,33.67139053,-117.7913895,Pacific Standard Time
"Kamloops BC",GMT-08:00,Canada,50.67666626,-120.3388901,Pacific Standard Time
"Kelowna BC",GMT-08:00,Canada,49.88360977,-119.4936142,Pacific Standard Time
"La Jolla CA",GMT-08:00,United States,32.84749985,-117.2747192,Pacific Standard Time
"Las Vegas NV",GMT-08:00,United States,36.23305511,-115.246666,Pacific Standard Time
"Long Beach CA",GMT-08:00,United States,33.78972244,-118.151947,Pacific Standard Time
"Los Angeles CA",GMT-08:00,United States,34.05222321,-118.2433319,Pacific Standard Time
"Menlo Park CA",GMT-08:00,United States,37.45388794,-122.1811142,Pacific Standard Time
Mexicali,GMT-08:00,Mexico,32.65000153,-115.4666672,Pacific Standard Time
"Mill Valley CA",GMT-08:00,United States,37.90611267,-122.5449982,Pacific Standard Time
"Mission BC",GMT-08:00,Canada,49.1333313,-122.3000031,Pacific Standard Time
"Molalla OR",GMT-08:00,United States,45.14749908,-122.5772247,Pacific Standard Time
"Monterey CA",GMT-08:00,United States,36.60027695,-121.894722,Pacific Standard Time
"Mount Shasta City CA",GMT-08:00,United States,41.31000137,-122.3105545,Pacific Standard Time
"Mountain View CA",GMT-08:00,United States,37.38333511,-122.0833359,Pacific Standard Time
"Nanaimo BC",GMT-08:00,Canada,49.16444397,-123.9366684,Pacific Standard Time
"New Westminster BC",GMT-08:00,Canada,49.20360947,-122.9147186,Pacific Standard Time
"North Bend OR",GMT-08:00,United States,43.40638733,-124.2244415,Pacific Standard Time
"Olympia WA",GMT-08:00,United States,47.04499817,-122.9016647,Pacific Standard Time
"Palo Alto CA",GMT-08:00,United States,37.45000076,-122.1500015,Pacific Standard Time
"Port Angeles WA",GMT-08:00,United States,48.11583328,-123.4608307,Pacific Standard Time
"Portland OR",GMT-08:00,United States,45.5233345,-122.6699982,Pacific Standard Time
"Prince George BC",GMT-08:00,Canada,53.91722107,-122.7497253,Pacific Standard Time
"Redmond WA",GMT-08:00,United States,47.66666794,-122.1166687,Pacific Standard Time
"Reno NV",GMT-08:00,United States,39.53027725,-119.8144455,Pacific Standard Time
"Revelstoke BC",GMT-08:00,Canada,50.99694443,-118.1977768,Pacific Standard Time
"Sacramento CA",GMT-08:00,United States,38.57361221,-121.4872208,Pacific Standard Time
"Salem OR",GMT-08:00,United States,44.93694305,-123.0272217,Pacific Standard Time
"San Bruno CA",GMT-08:00,United States,37.62749863,-122.4313889,Pacific Standard Time
"San Diego CA",GMT-08:00,United States,32.71888733,-117.163887,Pacific Standard Time
"San Francisco CA",GMT-08:00,United States,37.78305435,-122.4333344,Pacific Standard Time
"San Jose CA",GMT-08:00,United States,37.33333206,-121.9000015,Pacific Standard Time
"San Luis Obispo CA",GMT-08:00,United States,35.28277588,-120.6586075,Pacific Standard Time
"San Mateo CA",GMT-08:00,United States,37.56666565,-122.3333359,Pacific Standard Time
"Santa Clara CA",GMT-08:00,United States,37.34999847,-121.9499969,Pacific Standard Time
"Seattle WA",GMT-08:00,United States,47.62083435,-122.3475037,Pacific Standard Time
"Spokane WA",GMT-08:00,United States,47.65361023,-117.4113922,Pacific Standard Time
"Sunnyvale CA",GMT-08:00,United States,37.36888885,-122.0352783,Pacific Standard Time
"Tacoma WA",GMT-08:00,United States,47.25305557,-122.4430542,Pacific Standard Time
Tijuana,GMT-08:00,Mexico,32.53329468,-117.0167007,Pacific Standard Time
"Vancouver BC",GMT-08:00,Canada,49.26361084,-123.1386108,Pacific Standard Time
"Victoria BC",GMT-08:00,Canada,48.42750168,-123.3672256,Pacific Standard Time
"Whistler BC",GMT-08:00,Canada,50.11666489,-122.9666672,Pacific Standard Time
"White Rock BC",GMT-08:00,Canada,49.02388763,-122.8011093,Pacific Standard Time
"Whitehorse YT",GMT-08:00,Canada,60.71972275,-135.0519409,Pacific Standard Time
"Anchorage AK",GMT-09:00,United States,61.21666718,-149.8997192,Alaskan Standard Time
"Fairbanks AK",GMT-09:00,United States,64.81639099,-146.25,Alaskan Standard Time
"Nome AK",GMT-09:00,United States,64.53305817,-164.6000061,Alaskan Standard Time
Taiohae,GMT-09:30,French Polynesia,-8.906666756,-140.1036072,Marquesas Islands Standard Time
"Adak AK",GMT-10:00,United States,51.86639023,-176.6497192,Hawaii-Aleutian Standard Time
Avarua,GMT-10:00,Cook Islands,-21.20000076,-159.7666626,Hawaiian Standard Time
"Hilo HI",GMT-10:00,United States,19.69333267,-155.0905609,Hawaiian Standard Time
"Honokaa HI",GMT-10:00,United States,20.07749939,-155.4641724,Hawaiian Standard Time
"Honolulu HI",GMT-10:00,United States,21.31666756,-157.8666687,Hawaiian Standard Time
"Kamuela HI",GMT-10:00,United States,20.0205555,-155.6688843,Hawaiian Standard Time
"Koloa HI",GMT-10:00,United States,21.9066658,-159.469162,Hawaiian Standard Time
"Laupahoehoe HI",GMT-10:00,United States,19.98472214,-155.2361145,Hawaiian Standard Time
Papeete,GMT-10:00,French Polynesia,-17.53333282,-149.5666656,Hawaiian Standard Time
"Waikoloa HI",GMT-10:00,United States,19.93722153,-155.7911072,Hawaiian Standard Time
"Wailua HI",GMT-10:00,United States,22.0522213,-159.3377838,Hawaiian Standard Time
"Waimea HI",GMT-10:00,United States,21.95861053,-159.6708374,Hawaiian Standard Time
Alofi,GMT-11:00,Niue,-19.04999924,-169.9166718,Midway Island Standard Time
Apia,GMT-13:00,Samoa,-13.8330555,-171.75,Samoa Standard Time
Aberdeen,GMT,United Kingdom,57.15000153,-2.099999905,GMT Standard Time
Arklow,GMT,Ireland,52.79999924,-6.150000095,GMT Standard Time
Aveiro,GMT,Portugal,40.63333511,-8.649999619,GMT Standard Time
Aylesbury,GMT,United Kingdom,51.81583405,-0.816666663,GMT Standard Time
Beja,GMT,Portugal,38.01666641,-7.866666794,GMT Standard Time
Belfast,GMT,United Kingdom,54.58333206,-5.916666508,GMT Standard Time
Birmingham,GMT,United Kingdom,52.5,-1.866666675,GMT Standard Time
Blantyre-Hamilton,GMT,United Kingdom,55.78333282,-4.116666794,GMT Standard Time
Braganca,GMT,Portugal,41.80722046,-6.758888721,GMT Standard Time
Bristol,GMT,United Kingdom,51.48333359,-2.533333302,GMT Standard Time
Cardiff,GMT,United Kingdom,51.47805405,-3.177222252,GMT Standard Time
Castelo Branco,GMT,Portugal,39.81666565,-7.483333111,GMT Standard Time
Castlebar,GMT,Ireland,53.86666489,-9.300000191,GMT Standard Time
Cork,GMT,Ireland,51.90000153,-8.483333588,GMT Standard Time
Doolin,GMT,Ireland,53.01610947,-9.37749958,GMT Standard Time
Dover,GMT,United Kingdom,51.13333511,1.283333302,GMT Standard Time
Drogheda,GMT,Ireland,53.71666718,-6.349999905,GMT Standard Time
Dublin,GMT,Ireland,53.33309937,-6.248901367,GMT Standard Time
Dundee,GMT,United Kingdom,56.46666718,-3,GMT Standard Time
Edinburgh,GMT,United Kingdom,55.94999695,-3.199996948,GMT Standard Time
Falmouth,GMT,United Kingdom,50.15000153,-5.066666603,GMT Standard Time
Faro,GMT,Portugal,37.01666641,-7.933333397,GMT Standard Time
Galway,GMT,Ireland,53.26666641,-9.066666603,GMT Standard Time
Glasgow,GMT,United Kingdom,55.86666489,-4.266666889,GMT Standard Time
Gloucester,GMT,United Kingdom,51.88333511,-2.25,GMT Standard Time
Keel,GMT,Ireland,53.97583389,-10.08388901,GMT Standard Time
Killarney,GMT,Ireland,52.06666565,-9.516666412,GMT Standard Time
Leeds,GMT,United Kingdom,53.81666565,-1.5,GMT Standard Time
Leicester,GMT,United Kingdom,52.63333511,-1.133333325,GMT Standard Time
Leixlip,GMT,Ireland,53.36694336,-6.488888741,GMT Standard Time
Limerick,GMT,Ireland,52.66666794,-8.633333206,GMT Standard Time
Lisbon,GMT,Portugal,38.71666718,-9.133333206,GMT Standard Time
Liverpool,GMT,United Kingdom,53.41666794,-2.966666698,GMT Standard Time
London,GMT,United Kingdom,51.46666718,0.300000012,GMT Standard Time
Manchester,GMT,United Kingdom,53.48333359,-2.266666651,GMT Standard Time
New Ross,GMT,Ireland,52.40000153,-6.949999809,GMT Standard Time
Newcastle upon Tyne,GMT,United Kingdom,54.97583389,-1.610277772,GMT Standard Time
Newport,GMT,United Kingdom,51.59999847,-2.983333349,GMT Standard Time
Norwich,GMT,United Kingdom,52.65000153,1.283333302,GMT Standard Time
Plymouth,GMT,United Kingdom,50.40000153,-4.166666508,GMT Standard Time
Poole,GMT,United Kingdom,50.71500015,-1.987222195,GMT Standard Time
Porto,GMT,Portugal,41.16666794,-8.583333015,GMT Standard Time
Portsmouth,GMT,United Kingdom,50.81666565,-1.083333373,GMT Standard Time
Reading,GMT,United Kingdom,51.45500183,-0.969166696,GMT Standard Time
Santa Cruz de Tenerife,GMT,Spain,28.46666718,-16.25,GMT Standard Time
Shannon,GMT,Ireland,52.70000076,-8.916666985,GMT Standard Time
Sheffield,GMT,United Kingdom,53.38305664,-1.464722276,GMT Standard Time
Sines,GMT,Portugal,37.95000076,-8.866666794,GMT Standard Time
Sligo,GMT,Ireland,54.28333282,-8.466666222,GMT Standard Time
Swansea,GMT,United Kingdom,51.63333511,-3.950000048,GMT Standard Time
Swindon,GMT,United Kingdom,51.56138992,-1.765833378,GMT Standard Time
Torshavn,GMT,Faroe Islands,62.01666641,-6.766666889,GMT Standard Time
Viana do Castello,GMT,Portugal,41.70000076,-8.816666603,GMT Standard Time
Vila Real,GMT,Portugal,41.29999924,-7.733333111,GMT Standard Time
Waterford,GMT,Ireland,52.25,-7.133333206,GMT Standard Time
Abidjan,GMT,Cote d'Ivoire,5.336389065,-4.027777672,Greenwich Standard Time
Accra,GMT,Ghana,5.55583334,-0.196388885,Greenwich Standard Time
Bamako,GMT,Mali,12.64999962,-8,Greenwich Standard Time
Banjul,GMT,Gambia,13.44999981,-16.58333397,Greenwich Standard Time
Bissau,GMT,Guinea-Bissau,11.86666679,-15.60000038,Greenwich Standard Time
Conakry,GMT,Guinea,9.533333778,-13.6833334,Greenwich Standard Time
Dakar,GMT,Senegal,14.6833334,-17.45000076,Greenwich Standard Time
Freetown,GMT,Sierra Leone,8.483333588,-13.23333359,Greenwich Standard Time
Grand-Bassam,GMT,Cote d'Ivoire,5.199999809,-3.733333349,Greenwich Standard Time
Jamestown,GMT,Saint Helena,-15.91666698,-5.699999809,Greenwich Standard Time
Lome,GMT,Togo,6.166666508,1.350000024,Greenwich Standard Time
Mbour,GMT,Senegal,14.41666698,-16.96666718,Greenwich Standard Time
Monrovia,GMT,Liberia,6.300000191,-10.78333378,Greenwich Standard Time
Nouakchott,GMT,Mauritania,18.08333397,-15.98333359,Greenwich Standard Time
Ouagadougou,GMT,Burkina Faso,12.36666679,-1.533333302,Greenwich Standard Time
Reykjavik,GMT,Iceland,64.15000153,-20.03333282,Greenwich Standard Time
Sao Tome,GMT,Sao Tome and Principe,0.333333343,6.733333111,Greenwich Standard Time
Thies,GMT,Senegal,14.80000019,-16.91666603,Greenwich Standard Time
Yamoussoukro,GMT,Cote d'Ivoire,6.816666603,-5.283333302,Greenwich Standard Time
Casablanca,GMT,Morocco,33.59972382,-7.616666794,Morocco Standard Time
Dakhla,GMT,Morocco,23.69750023,-15.93694401,Morocco Standard Time
Marrakech,GMT,Morocco,31.63333321,-8,Morocco Standard Time
Rabat,GMT,Morocco,34.03305435,-5.150000095,Morocco Standard Time
Amersfoort,GMT+01:00,Netherlands,52.15611267,5.387777805,W. Europe Standard Time
Amsterdam,GMT+01:00,Netherlands,52.36666489,4.883333206,W. Europe Standard Time
Ancona,GMT+01:00,Italy,43.61583328,13.51888847,W. Europe Standard Time
Baden-Baden,GMT+01:00,Germany,48.75,8.233333588,W. Europe Standard Time
Barcelona,GMT+01:00,Spain,41.40000153,2.166666746,W. Europe Standard Time
Bari,GMT+01:00,Italy,41.12611008,16.86916733,W. Europe Standard Time
Benevento,GMT+01:00,Italy,41.1305542,14.78111076,W. Europe Standard Time
Bergen,GMT+01:00,Norway,60.34999847,5.349999905,W. Europe Standard Time
Berlin,GMT+01:00,Germany,52.51666641,13.39999962,W. Europe Standard Time
Bern,GMT+01:00,Switzerland,46.91666794,7.466666698,W. Europe Standard Time
Bologna,GMT+01:00,Italy,44.4944458,11.34916687,W. Europe Standard Time
Bonn,GMT+01:00,Germany,50.73333359,7.083333492,W. Europe Standard Time
Bremen,GMT+01:00,Germany,53.08333206,8.850000381,W. Europe Standard Time
Brindisi,GMT+01:00,Italy,40.63611221,17.93888855,W. Europe Standard Time
Catania,GMT+01:00,Italy,37.50305557,15.08805561,W. Europe Standard Time
Cologne,GMT+01:00,Germany,50.94916534,6.959722042,W. Europe Standard Time
Donauworth,GMT+01:00,Germany,48.71944427,10.77666664,W. Europe Standard Time
Dresden,GMT+01:00,Germany,51.04999924,13.69999981,W. Europe Standard Time
Duesseldorf,GMT+01:00,Germany,51.23333359,6.783333302,W. Europe Standard Time
Durres,GMT+01:00,Albania,41.32722092,19.45416641,W. Europe Standard Time
Eindhoven,GMT+01:00,Netherlands,51.43999863,5.477499962,W. Europe Standard Time
Essen,GMT+01:00,Germany,51.46666718,7,W. Europe Standard Time
Florence,GMT+01:00,Italy,43.76861191,11.25694466,W. Europe Standard Time
Floro,GMT+01:00,Norway,61.59972382,5.034722328,W. Europe Standard Time
Fragneto Monforte,GMT+01:00,Italy,41.24666595,14.76333332,W. Europe Standard Time
Frankfurt,GMT+01:00,Germany,50.03333282,8.566666603,W. Europe Standard Time
Gavle,GMT+01:00,Sweden,60.68333435,17.18333244,W. Europe Standard Time
Geneva,GMT+01:00,Switzerland,46.23333359,6.066666603,W. Europe Standard Time
Genoa,GMT+01:00,Italy,44.41055679,8.935277939,W. Europe Standard Time
Gothenburg,GMT+01:00,Sweden,57.68333435,11.96666622,W. Europe Standard Time
Gratkorn,GMT+01:00,Austria,47.13499832,15.34027767,W. Europe Standard Time
Graz,GMT+01:00,Austria,47.07055664,15.43805599,W. Europe Standard Time
Hamburg,GMT+01:00,Germany,53.54999924,10,W. Europe Standard Time
Hammerfest,GMT+01:00,Norway,70.68333435,23.70000076,W. Europe Standard Time
Hannover,GMT+01:00,Germany,52.38333511,9.733333588,W. Europe Standard Time
Harstad,GMT+01:00,Norway,68.80000305,16.56666756,W. Europe Standard Time
Heerlen,GMT+01:00,Netherlands,50.88305664,5.98083353,W. Europe Standard Time
Helsingborg,GMT+01:00,Sweden,56.04999924,12.69999981,W. Europe Standard Time
Kalmar,GMT+01:00,Sweden,56.66666794,16.36666679,W. Europe Standard Time
Karlstad,GMT+01:00,Sweden,59.38333511,13.51666641,W. Europe Standard Time
Kiel,GMT+01:00,Germany,54.33333206,10.11666679,W. Europe Standard Time
Kiruna,GMT+01:00,Sweden,67.84999847,20.26666641,W. Europe Standard Time
Kristiansand,GMT+01:00,Norway,58.15000153,8,W. Europe Standard Time
Kristianstad,GMT+01:00,Sweden,56.03333282,14.16666698,W. Europe Standard Time
Leipzig,GMT+01:00,Germany,51.34999847,12.39999962,W. Europe Standard Time
Linkoping,GMT+01:00,Sweden,58.41583252,15.62555599,W. Europe Standard Time
Longyearbyen,GMT+01:00,Svalbard,78.21666718,15.64999962,W. Europe Standard Time
Lugano,GMT+01:00,Switzerland,46.00333405,8.953332901,W. Europe Standard Time
Lulea,GMT+01:00,Sweden,65.58333588,22.21666718,W. Europe Standard Time
Lund,GMT+01:00,Sweden,55.70277786,13.19277763,W. Europe Standard Time
Magdeburg,GMT+01:00,Germany,52.13333511,11.61666679,W. Europe Standard Time
Mainz,GMT+01:00,Germany,49.99499893,8.267499924,W. Europe Standard Time
Malmo,GMT+01:00,Sweden,55.60333252,13.00138855,W. Europe Standard Time
Mannheim,GMT+01:00,Germany,49.48472214,8.476666451,W. Europe Standard Time
Mdina,GMT+01:00,Malta,35.88583374,14.40166664,W. Europe Standard Time
Milan,GMT+01:00,Italy,45.46666718,9.183333397,W. Europe Standard Time
Mo,GMT+01:00,Norway,66.33333588,14.1833334,W. Europe Standard Time
Munich,GMT+01:00,Germany,48.13333511,11.58333302,W. Europe Standard Time
Naples,GMT+01:00,Italy,40.84000015,14.25277805,W. Europe Standard Time
Narvik,GMT+01:00,Norway,68.44999695,17.43333244,W. Europe Standard Time
Nurnberg,GMT+01:00,Germany,49.45000076,11.0666666,W. Europe Standard Time
Oslo,GMT+01:00,Norway,59.93333435,10.6833334,W. Europe Standard Time
Pisa,GMT+01:00,Italy,43.71611023,10.39666653,W. Europe Standard Time
Puttgarden,GMT+01:00,Germany,54.49611282,11.21249962,W. Europe Standard Time
Ramstein,GMT+01:00,Germany,49.45000076,7.550000191,W. Europe Standard Time
Rodby,GMT+01:00,Denmark,54.69583511,11.38611126,W. Europe Standard Time
Rome,GMT+01:00,Italy,41.89999008,12.48333359,W. Europe Standard Time
Rostock,GMT+01:00,Germany,54.09999847,12.08333302,W. Europe Standard Time
Rotterdam,GMT+01:00,Netherlands,51.91666794,4.483333111,W. Europe Standard Time
Salzburg,GMT+01:00,Austria,47.90000153,13.05000019,W. Europe Standard Time
San Marino,GMT+01:00,San Marino,43.95000076,12.44999981,W. Europe Standard Time
Schaffhausen,GMT+01:00,Switzerland,47.70000076,8.633333206,W. Europe Standard Time
Schluechtern,GMT+01:00,Germany,50.34944534,9.525555611,W. Europe Standard Time
Sittard,GMT+01:00,Netherlands,51,5.866666794,W. Europe Standard Time
Sneek,GMT+01:00,Netherlands,53.03388977,5.661110878,W. Europe Standard Time
Spijkenisse,GMT+01:00,Netherlands,51.83333206,4.333333015,W. Europe Standard Time
Stavanger,GMT+01:00,Norway,58.96666718,5.733333111,W. Europe Standard Time
Steinkjer,GMT+01:00,Norway,64.01667023,11.5,W. Europe Standard Time
Stenungsund,GMT+01:00,Sweden,58.06666565,11.83333302,W. Europe Standard Time
Stockholm,GMT+01:00,Sweden,59.33300018,18.04999924,W. Europe Standard Time
Stuttgart,GMT+01:00,Germany,48.78333282,9.183333397,W. Europe Standard Time
Sundsvall,GMT+01:00,Sweden,62.40000153,17.33333397,W. Europe Standard Time
The Hague,GMT+01:00,Netherlands,52.1333313,4.5,W. Europe Standard Time
Tirana,GMT+01:00,Albania,41.33333206,19.79999924,W. Europe Standard Time
Trelleborg,GMT+01:00,Sweden,55.36666489,13.16666698,W. Europe Standard Time
Trier,GMT+01:00,Germany,49.75361252,6.646111012,W. Europe Standard Time
Trieste,GMT+01:00,Italy,45.65638733,13.77861118,W. Europe Standard Time
Tromso,GMT+01:00,Norway,69.66139221,18.95027733,W. Europe Standard Time
Trondheim,GMT+01:00,Norway,63.41666794,10.41666698,W. Europe Standard Time
Turin,GMT+01:00,Italy,45.06666565,7.666666508,W. Europe Standard Time
Uppsala,GMT+01:00,Sweden,59.84999847,17.64999962,W. Europe Standard Time
Utrecht,GMT+01:00,Netherlands,52.0913887,5.122777939,W. Europe Standard Time
Vaduz,GMT+01:00,Liechtenstein,47.15000153,9.533333778,W. Europe Standard Time
Valletta,GMT+01:00,Malta,35.90000153,14.51666641,W. Europe Standard Time
Vardo,GMT+01:00,Norway,70.3833313,31.08333397,W. Europe Standard Time
Vatican City,GMT+01:00,Holy See (Vatican City),41.90000153,12.44999981,W. Europe Standard Time
Venice,GMT+01:00,Italy,45.43333435,12.33333302,W. Europe Standard Time
Verona,GMT+01:00,Italy,45.43333435,10.98333359,W. Europe Standard Time
Vevey,GMT+01:00,Switzerland,46.46389008,6.840277672,W. Europe Standard Time
Victoria,GMT+01:00,Malta,36.04555511,14.24361134,W. Europe Standard Time
Vienna,GMT+01:00,Austria,48.21666718,16.33333397,W. Europe Standard Time
Visby,GMT+01:00,Sweden,57.64083481,18.29611206,W. Europe Standard Time
Zaandam,GMT+01:00,Netherlands,52.43861008,4.825555325,W. Europe Standard Time
Zurich,GMT+01:00,Switzerland,47.36666489,8.550000191,W. Europe Standard Time
Belgrade,GMT+01:00,Serbia,44.81638718,20.46666718,Central Europe Standard Time
Bratislava,GMT+01:00,Slovakia,48.15000153,17.11666679,Central Europe Standard Time
Brno,GMT+01:00,Czech Republic,49.19388962,16.61333275,Central Europe Standard Time
Budapest,GMT+01:00,Hungary,47.5,19.08333397,Central Europe Standard Time
Gyor,GMT+01:00,Hungary,47.68416595,17.63500023,Central Europe Standard Time
Karlovy Vary,GMT+01:00,Czech Republic,50.23222351,12.87138844,Central Europe Standard Time
Kotor,GMT+01:00,Montenegro,42.41916656,18.76749992,Central Europe Standard Time
Ljubljana,GMT+01:00,Slovenia,46.04999924,14.5144043,Central Europe Standard Time
Piestany,GMT+01:00,Slovakia,48.59999847,17.81666756,Central Europe Standard Time
Pirot,GMT+01:00,Serbia,43.16638947,22.60138893,Central Europe Standard Time
Podgorica,GMT+01:00,Montenegro,42.44250107,19.26861191,Central Europe Standard Time
Prague,GMT+01:00,Czech Republic,50.08333206,14.4333334,Central Europe Standard Time
Prievidza,GMT+01:00,Slovakia,48.77083206,18.62083244,Central Europe Standard Time
Pristina,GMT+01:00,Kosovo,42.67416763,21.17888832,Central Europe Standard Time
Szombathely,GMT+01:00,Hungary,47.23555374,16.62138939,Central Europe Standard Time
Toalmas,GMT+01:00,Hungary,47.51250076,19.66777802,Central Europe Standard Time
Aalborg,GMT+01:00,Denmark,57.0288887,9.917778015,Romance Standard Time
Alicante,GMT+01:00,Spain,38.34999847,-0.483333319,Romance Standard Time
Almeria,GMT+01:00,Spain,36.84999847,-2.466666698,Romance Standard Time
Amiens,GMT+01:00,France,49.88333511,2.299999952,Romance Standard Time
Andorra la Vella,GMT+01:00,Andorra,42.5,1.516666651,Romance Standard Time
Antwerp,GMT+01:00,Belgium,51.22055435,4.399722099,Romance Standard Time
Badajoz,GMT+01:00,Spain,38.88333511,-6.966666698,Romance Standard Time
Beziers,GMT+01:00,France,43.34166718,3.217777729,Romance Standard Time
Bilbao,GMT+01:00,Spain,43.25694275,-2.923611164,Romance Standard Time
Blanes,GMT+01:00,Spain,41.67416763,2.791944504,Romance Standard Time
Bordeaux,GMT+01:00,France,44.83333206,-0.583333313,Romance Standard Time
Brest,GMT+01:00,France,48.40000153,-4.466666698,Romance Standard Time
Brussels,GMT+01:00,Belgium,50.83329773,4.333297729,Romance Standard Time
Burgos,GMT+01:00,Spain,42.34111023,-3.695833445,Romance Standard Time
Cannes,GMT+01:00,France,43.56666565,7.016666889,Romance Standard Time
Carcassonne,GMT+01:00,France,43.21250153,2.35611105,Romance Standard Time
Cartagena,GMT+01:00,Spain,37.61666489,-0.983333349,Romance Standard Time
Collioure,GMT+01:00,France,42.51666641,3.083333015,Romance Standard Time
Copenhagen,GMT+01:00,Denmark,55.66670227,12.58329773,Romance Standard Time
Dieppe,GMT+01:00,France,49.93333435,1.083333373,Romance Standard Time
Dunkerque,GMT+01:00,France,51.03333282,2.349999905,Romance Standard Time
Etterbeek,GMT+01:00,Belgium,50.83666611,4.386944294,Romance Standard Time
Ezcaray,GMT+01:00,Spain,42.32611084,-3.014444351,Romance Standard Time
Fontainebleau,GMT+01:00,France,48.4058342,2.701944351,Romance Standard Time
Gent,GMT+01:00,Belgium,51.04999924,3.733333349,Romance Standard Time
Gibraltar,GMT+01:00,Gibraltar,36.13333511,-5.349999905,Romance Standard Time
Girona,GMT+01:00,Spain,41.98166656,2.823611021,Romance Standard Time
Granada,GMT+01:00,Spain,37.16666794,-3.599999905,Romance Standard Time
Grasse,GMT+01:00,France,43.6586113,6.923611164,Romance Standard Time
Grenoble,GMT+01:00,France,45.18333435,5.716666698,Romance Standard Time
Halle,GMT+01:00,Belgium,50.73694611,4.237222195,Romance Standard Time
Helsingor,GMT+01:00,Denmark,56.0363884,12.6133337,Romance Standard Time
Horsens,GMT+01:00,Denmark,55.86055374,9.849721909,Romance Standard Time
Hostalric,GMT+01:00,Spain,41.74638748,2.635555506,Romance Standard Time
Huelva,GMT+01:00,Spain,37.25,-6.949999809,Romance Standard Time
Jaen,GMT+01:00,Spain,37.76583481,-3.789444447,Romance Standard Time
Le Havre,GMT+01:00,France,49.5,0.13333334,Romance Standard Time
Leon,GMT+01:00,Spain,42.59999847,-5.566666603,Romance Standard Time
Lille,GMT+01:00,France,50.63333511,3.066666603,Romance Standard Time
Limoux,GMT+01:00,France,43.05444336,2.221388817,Romance Standard Time
Luxembourg,GMT+01:00,Luxembourg,49.61666489,6.150000095,Romance Standard Time
Lyon,GMT+01:00,France,45.75777817,4.832221985,Romance Standard Time
Madrid,GMT+01:00,Spain,40.3999939,-3.683303833,Romance Standard Time
Malaga,GMT+01:00,Spain,36.71666718,-4.416666508,Romance Standard Time
Marseille,GMT+01:00,France,43.28333282,5.383333206,Romance Standard Time
Monaco,GMT+01:00,Monaco,43.73249817,7.418889046,Romance Standard Time
Monte Carlo,GMT+01:00,Monaco,43.74055481,7.425555706,Romance Standard Time
Montpellier,GMT+01:00,France,43.61666489,3.866666555,Romance Standard Time
Montpeyroux,GMT+01:00,France,43.69555664,3.505000114,Romance Standard Time
Nantes,GMT+01:00,France,47.21666718,-1.566666722,Romance Standard Time
Nice,GMT+01:00,France,43.70000076,7.266666889,Romance Standard Time
Nimes,GMT+01:00,France,43.84999847,4.349999905,Romance Standard Time
Odense,GMT+01:00,Denmark,55.39638901,10.3908329,Romance Standard Time
Oviedo,GMT+01:00,Spain,43.36666489,-5.849999905,Romance Standard Time
Palma,GMT+01:00,Spain,39.59999847,2.650000095,Romance Standard Time
Paris,GMT+01:00,France,48.86669922,2.333297729,Romance Standard Time
Reims,GMT+01:00,France,49.23333359,4.033333302,Romance Standard Time
Rennes,GMT+01:00,France,48.11666489,-1.683333278,Romance Standard Time
San Sebastian,GMT+01:00,Spain,43.31666565,-1.983333349,Romance Standard Time
Sete,GMT+01:00,France,43.40166855,3.696666718,Romance Standard Time
Sevilla,GMT+01:00,Spain,37.38333511,-5.966666698,Romance Standard Time
Strasbourg,GMT+01:00,France,48.5830574,7.743888855,Romance Standard Time
Toulon,GMT+01:00,France,43.1241684,5.928055763,Romance Standard Time
Toulouse,GMT+01:00,France,43.59999847,1.450000048,Romance Standard Time
Tours,GMT+01:00,France,47.38333511,0.699999988,Romance Standard Time
Valencia,GMT+01:00,Spain,39.46666718,-0.366666675,Romance Standard Time
Valladolid,GMT+01:00,Spain,41.64888763,-4.726110935,Romance Standard Time
Vallauris,GMT+01:00,France,43.57944489,7.053055763,Romance Standard Time
Vitoria,GMT+01:00,Spain,42.84999847,-2.666666746,Romance Standard Time
Zaragoza,GMT+01:00,Spain,41.65000153,-0.883333325,Romance Standard Time
Windhoek,GMT+01:00,Namibia,-22.56666756,17.08333397,Namibia Standard Time
Banja Luka,GMT+01:00,Bosnia and Herzegovina,44.76638794,17.18305588,Central European Standard Time
Gdansk,GMT+01:00,Poland,54.35194397,18.64666748,Central European Standard Time
Kolobrzeg,GMT+01:00,Poland,54.18166733,15.56972218,Central European Standard Time
Konin,GMT+01:00,Poland,52.22305679,18.25111198,Central European Standard Time
Krakow,GMT+01:00,Poland,50.05527878,19.92749977,Central European Standard Time
Kumanovo,GMT+01:00,Macedonia,42.1305542,21.7211113,Central European Standard Time
Ohrid,GMT+01:00,Macedonia,41.12166595,20.81944466,Central European Standard Time
Sarajevo,GMT+01:00,Bosnia and Herzegovina,43.86666489,18.41666603,Central European Standard Time
Skopje,GMT+01:00,Macedonia,42,21.43330383,Central European Standard Time
Tuzla,GMT+01:00,Bosnia and Herzegovina,44.53277588,18.67027855,Central European Standard Time
Warsaw,GMT+01:00,Poland,52.25,21,Central European Standard Time
Zagreb,GMT+01:00,Croatia,45.79999924,15.96666622,Central European Standard Time
Zupanja,GMT+01:00,Croatia,45.06916809,18.69722176,Central European Standard Time
Abuja,GMT+01:00,Nigeria,9.083333015,7.533333302,W. Central Africa Standard Time
Algiers,GMT+01:00,Algeria,36.76666641,3.049999952,W. Central Africa Standard Time
Bangui,GMT+01:00,Central African Republic,4.366666794,18.54999924,W. Central Africa Standard Time
Brazzaville,GMT+01:00,Congo,-4.266666889,15.28333378,W. Central Africa Standard Time
Calabar,GMT+01:00,Nigeria,4.957221985,8.314444542,W. Central Africa Standard Time
Cotonou,GMT+01:00,Benin,6.366666794,2.433333397,W. Central Africa Standard Time
Diffa,GMT+01:00,Niger,13.31555557,12.60888863,W. Central Africa Standard Time
Douala,GMT+01:00,Cameroon,4.047500134,9.706388474,W. Central Africa Standard Time
Ibadan,GMT+01:00,Nigeria,7.396389008,3.916666746,W. Central Africa Standard Time
Kaduna,GMT+01:00,Nigeria,10.51666641,7.433333397,W. Central Africa Standard Time
Kinshasa,GMT+01:00,"Congo Democratic Republic of the",-4.316666603,15.30000019,W. Central Africa Standard Time
Lagos,GMT+01:00,Nigeria,6.449999809,3.466666698,W. Central Africa Standard Time
Libreville,GMT+01:00,Gabon,0.5,9.416666985,W. Central Africa Standard Time
Luanda,GMT+01:00,Angola,-7.166666508,13.33333302,W. Central Africa Standard Time
Malabo,GMT+01:00,Equatorial Guinea,3.75,8.783333778,W. Central Africa Standard Time
N'Djamena,GMT+01:00,Chad,12.10000038,15.05000019,W. Central Africa Standard Time
Niamey,GMT+01:00,Niger,13.51666641,2.116666555,W. Central Africa Standard Time
Onitsha,GMT+01:00,Nigeria,6.166666508,6.783333302,W. Central Africa Standard Time
Port Harcourt,GMT+01:00,Nigeria,4.716666698,7,W. Central Africa Standard Time
Porto Novo,GMT+01:00,Benin,6.483333111,2.633333445,W. Central Africa Standard Time
Takrouna,GMT+01:00,Tunisia,36.1511116,10.32861137,W. Central Africa Standard Time
Tunis,GMT+01:00,Tunisia,36.81638718,10.16666698,W. Central Africa Standard Time
Yaounde,GMT+01:00,Cameroon,3.866666555,11.51666641,W. Central Africa Standard Time
Beirut,GMT+02:00,Lebanon,33.86639023,35.51638794,Lebanon Standard Time
Iasi,GMT+02:00,Romania,47.17027664,27.58361053,E. Europe Standard Time
Alexandria,GMT+02:00,Egypt,31.2136116,29.94416618,Egypt Standard Time
Cairo,GMT+02:00,Egypt,30.04999924,31.25,Egypt Standard Time
Luxor,GMT+02:00,Egypt,25.7005558,32.63916779,Egypt Standard Time
Sharm El Sheikh,GMT+02:00,Egypt,27.97805595,34.39166641,Egypt Standard Time
Blantyre,GMT+02:00,Malawi,-15.78611088,35.00583267,South Africa Standard Time
Bloemfontein,GMT+02:00,South Africa,-29.11805534,26.22305489,South Africa Standard Time
Bujumbura,GMT+02:00,Burundi,-3.383333445,29.36666679,South Africa Standard Time
Cape Town,GMT+02:00,South Africa,-33.93333435,18.46666718,South Africa Standard Time
Chimoio,GMT+02:00,Mozambique,-18.99916649,33.38305664,South Africa Standard Time
Durban,GMT+02:00,South Africa,-29.86666679,30.98333359,South Africa Standard Time
East London,GMT+02:00,South Africa,-32.96666718,27.86666679,South Africa Standard Time
Gaborone,GMT+02:00,Botswana,-24.64999962,25.91666603,South Africa Standard Time
Harare,GMT+02:00,Zimbabwe,-17.83333397,31.04999924,South Africa Standard Time
Johannesburg,GMT+02:00,South Africa,-26.25,28,South Africa Standard Time
Kigali,GMT+02:00,Rwanda,-1.950000048,30.06666756,South Africa Standard Time
Kimberley,GMT+02:00,South Africa,-28.74333382,24.76250076,South Africa Standard Time
Knysna,GMT+02:00,South Africa,-34.06472397,23.08194351,South Africa Standard Time
Lilongwe,GMT+02:00,Malawi,-13.98333359,33.76666641,South Africa Standard Time
Lusaka,GMT+02:00,Zambia,-15.39999962,28.28333282,South Africa Standard Time
Maputo,GMT+02:00,Mozambique,-25.96666718,32.53333282,South Africa Standard Time
Maseru,GMT+02:00,Lesotho,-29.29999924,27.48333359,South Africa Standard Time
Mbabane,GMT+02:00,Swaziland,-26.31666756,31.14999962,South Africa Standard Time
Port Elizabeth,GMT+02:00,South Africa,-33.96666718,25.58333397,South Africa Standard Time
Tshwane,GMT+02:00,South Africa,-25.70000076,28.23333359,South Africa Standard Time
Albena,GMT+02:00,Bulgaria,43.37083435,28.07666588,FLE Standard Time
Arad,GMT+02:00,Romania,46.18333435,21.33333397,FLE Standard Time
Athens,GMT+02:00,Greece,37.98333359,23.73333359,FLE Standard Time
Bacau,GMT+02:00,Romania,46.56666565,26.91666603,FLE Standard Time
Balti,GMT+02:00,Moldova,47.75888824,27.92583275,FLE Standard Time
Belogradchik,GMT+02:00,Bulgaria,43.632061,22.69515038,FLE Standard Time
Bucharest,GMT+02:00,Romania,44.43333435,26.10000038,FLE Standard Time
Chania,GMT+02:00,Greece,35.50916672,24.02527809,FLE Standard Time
Chisinau,GMT+02:00,Moldova,47.02694321,28.84166718,FLE Standard Time
Cluj,GMT+02:00,Romania,46.78333282,23.60000038,FLE Standard Time
Constanta,GMT+02:00,Romania,44.18333435,28.64999962,FLE Standard Time
Corfu,GMT+02:00,Greece,39.61777878,19.9197216,FLE Standard Time
Craiova,GMT+02:00,Romania,44.31666565,23.81666756,FLE Standard Time
Giurgiu,GMT+02:00,Romania,43.90000153,25.96666718,FLE Standard Time
Helsinki,GMT+02:00,Finland,60.16666794,24.96666718,FLE Standard Time
Hora Sfakion,GMT+02:00,Greece,35.20166779,24.13694382,FLE Standard Time
Igoumenitsa,GMT+02:00,Greece,39.5047226,20.26277733,FLE Standard Time
Iraklion,GMT+02:00,Greece,35.32027817,25.14361191,FLE Standard Time
Ivalo,GMT+02:00,Finland,68.65000153,27.58333397,FLE Standard Time
Kaunas,GMT+02:00,Lithuania,54.90000153,23.89999962,FLE Standard Time
Kos,GMT+02:00,Greece,36.89749908,27.28611183,FLE Standard Time
Kotka,GMT+02:00,Finland,60.46666718,26.93333244,FLE Standard Time
Limassol,GMT+02:00,Cyprus,35,33,FLE Standard Time
Mangalia,GMT+02:00,Romania,43.81666565,28.58333397,FLE Standard Time
Nicosia,GMT+02:00,Cyprus,35.16666794,33.36666489,FLE Standard Time
Oradea,GMT+02:00,Romania,47.04999924,21.93333244,FLE Standard Time
Oulu,GMT+02:00,Finland,65.01667023,25.46666718,FLE Standard Time
Patras,GMT+02:00,Greece,38.25361252,21.73638916,FLE Standard Time
Rhodes,GMT+02:00,Greece,36.43361282,28.21999931,FLE Standard Time
Riga,GMT+02:00,Latvia,56.94998932,24.10000038,FLE Standard Time
Rovaniemi,GMT+02:00,Finland,66.49694824,25.72472191,FLE Standard Time
Sibiu,GMT+02:00,Romania,45.78333282,24.14999962,FLE Standard Time
Sliven,GMT+02:00,Bulgaria,42.69055557,26.33277702,FLE Standard Time
Sofia,GMT+02:00,Bulgaria,42.68330383,23.31669617,FLE Standard Time
Tallinn,GMT+02:00,Estonia,59.41666794,24.75,FLE Standard Time
Thessaloniki,GMT+02:00,Greece,40.625,22.95111084,FLE Standard Time
Timisoara,GMT+02:00,Romania,45.75,21.23333359,FLE Standard Time
Tiraspol,GMT+02:00,Moldova,46.85222244,29.63194466,FLE Standard Time
Tulcea,GMT+02:00,Romania,45.18333435,28.79999924,FLE Standard Time
Turku,GMT+02:00,Finland,60.45000076,22.26666641,FLE Standard Time
Vaasa,GMT+02:00,Finland,63.09999847,21.61666679,FLE Standard Time
Varna,GMT+02:00,Bulgaria,43.21666718,27.91194534,FLE Standard Time
Vidin,GMT+02:00,Bulgaria,43.99702454,22.88261986,FLE Standard Time
Vilnius,GMT+02:00,Lithuania,54.68330383,25.31669617,FLE Standard Time
Zakynthos,GMT+02:00,Greece,37.78333282,20.89666748,FLE Standard Time
Tripoli,GMT+02:00,Libya,32.88333511,13.1833334,Libya Standard Time
Damascus,GMT+02:00,Syria,33.51666641,36.31666565,Syria Standard Time
Halab,GMT+02:00,Syria,36.21666718,37.16666794,Syria Standard Time
Hama,GMT+02:00,Syria,35.13333511,36.75,Syria Standard Time
Latakia,GMT+02:00,Syria,35.52138901,35.79249954,Syria Standard Time
Ashkelon,GMT+02:00,Israel,31.66583252,34.55944443,Israel Standard Time
Haifa,GMT+02:00,Israel,32.81194305,34.99888992,Israel Standard Time
Jerusalem,GMT+02:00,Israel,31.76666641,35.23333359,Israel Standard Time
Tel Aviv,GMT+02:00,Israel,32.04999924,34.76666641,Israel Standard Time
Alacati,GMT+02:00,Turkey,38.27999878,26.37388802,Turkey Standard Time
Ankara,GMT+02:00,Turkey,39.93333435,32.86639023,Turkey Standard Time
Bodrum,GMT+02:00,Turkey,37.04249954,27.43499947,Turkey Standard Time
Bursa,GMT+02:00,Turkey,40.18361282,29.0625,Turkey Standard Time
Istanbul,GMT+02:00,Turkey,41.01638794,28.95000076,Turkey Standard Time
Izmir,GMT+02:00,Turkey,38.42388916,27.1427784,Turkey Standard Time
Manisa,GMT+02:00,Turkey,38.6222229,27.42972183,Turkey Standard Time
Marmaris,GMT+02:00,Turkey,36.85472107,28.27083397,Turkey Standard Time
Samsun,GMT+02:00,Turkey,41.29277802,36.33139038,Turkey Standard Time
Chernobyl,GMT+02:00,Ukraine,51.26638794,30.23333359,Ukraine Standard Time
Dnepropetrovsk,GMT+02:00,Ukraine,48.45000076,34.98333359,Ukraine Standard Time
Donetsk,GMT+02:00,Ukraine,48,37.79972076,Ukraine Standard Time
Kharkov,GMT+02:00,Ukraine,49.99361038,36.23027802,Ukraine Standard Time
Kiev,GMT+02:00,Ukraine,50.43305588,30.51666641,Ukraine Standard Time
Lugansk,GMT+02:00,Ukraine,48.55944443,39.29833221,Ukraine Standard Time
Lviv,GMT+02:00,Ukraine,49.8330574,24,Ukraine Standard Time
Mukachevo,GMT+02:00,Ukraine,48.45000076,22.71666718,Ukraine Standard Time
Nikolaev,GMT+02:00,Ukraine,46.96666718,32.01638794,Ukraine Standard Time
Odessa,GMT+02:00,Ukraine,46.46666718,30.71666718,Ukraine Standard Time
Severodonetsk,GMT+02:00,Ukraine,48.95027924,38.49750137,Ukraine Standard Time
Uzhhorod,GMT+02:00,Ukraine,48.6241684,22.29388809,Ukraine Standard Time
Zaporozhye,GMT+02:00,Ukraine,47.84972382,35.15000153,Ukraine Standard Time
Baghdad,GMT+03:00,Iraq,33.33333206,44.40000153,Arabic Standard Time
Sulaimaniya,GMT+03:00,Iraq,35.5616684,45.44055557,Arabic Standard Time
Minsk,GMT+03:00,Belarus,53.89999008,27.56669044,Belarus Standard Time
Amman,GMT+03:00,Jordan,31.95000076,35.93333435,Jordan Standard Time
Aqaba,GMT+03:00,Jordan,29.4972229,34.99666595,Jordan Standard Time
Az Zarqa,GMT+03:00,Jordan,32.03333282,36.08333206,Jordan Standard Time
Kaliningrad,GMT+03:00,Russia,54.70000076,20.5,Kaliningrad Standard Time
Aden,GMT+03:00,Yemen,12.78333378,45.03333282,Arab Standard Time
Al Ahsa,GMT+03:00,Saudi Arabia,25.39638901,49.6016655,Arab Standard Time
Al Bayda',GMT+03:00,Yemen,13.97861099,45.57361221,Arab Standard Time
Al Hudaydah,GMT+03:00,Yemen,14.80222225,42.95111084,Arab Standard Time
Al Jahra,GMT+03:00,Kuwait,29.33333397,47.70000076,Arab Standard Time
Asmara,GMT+03:00,Eritrea,15.33333302,38.93333435,Arab Standard Time
Dhahran,GMT+03:00,Saudi Arabia,26.28333282,50.11666489,Arab Standard Time
Dhamar,GMT+03:00,Yemen,14.55000019,44.40166855,Arab Standard Time
Djibouti,GMT+03:00,Djibouti,11.58333302,43.15000153,Arab Standard Time
Doha,GMT+03:00,Qatar,25.25,51.56666565,Arab Standard Time
Ibb,GMT+03:00,Yemen,13.9663887,44.16638947,Arab Standard Time
Jeddah,GMT+03:00,Saudi Arabia,21.54361153,39.17305374,Arab Standard Time
Kuwait,GMT+03:00,Kuwait,29.33333397,48,Arab Standard Time
Manama,GMT+03:00,Bahrain,26.20000076,50.59999847,Arab Standard Time
Mecca,GMT+03:00,Saudi Arabia,21.41666603,39.81666565,Arab Standard Time
Medina,GMT+03:00,Saudi Arabia,24.4608326,39.6202774,Arab Standard Time
Qatif,GMT+03:00,Saudi Arabia,26.66666603,49.96222305,Arab Standard Time
Riyadh,GMT+03:00,Saudi Arabia,24.63333321,46.71666718,Arab Standard Time
Sanaa,GMT+03:00,Yemen,15.35000038,44.20000076,Arab Standard Time
Taif,GMT+03:00,Saudi Arabia,21.27722168,40.42111206,Arab Standard Time
Taiz,GMT+03:00,Yemen,13.56972218,44.01472092,Arab Standard Time
Addis Ababa,GMT+03:00,Ethiopia,9.033333778,38.70000076,E. Africa Standard Time
Antananarivo,GMT+03:00,Madagascar,-18.91666603,47.53333282,E. Africa Standard Time
Dar es Salaam,GMT+03:00,Tanzania,-6.800000191,39.28305435,E. Africa Standard Time
Dodoma,GMT+03:00,Tanzania,-6.183333397,35.73333359,E. Africa Standard Time
Juba,GMT+03:00,South Sudan,4.864999771,31.60027695,E. Africa Standard Time
Kampala,GMT+03:00,Uganda,0.316666663,32.58333206,E. Africa Standard Time
Khartoum,GMT+03:00,Sudan,15.58333302,32.53333282,E. Africa Standard Time
Mamoudzou,GMT+03:00,Mayotte,-12.78333378,45.21666718,E. Africa Standard Time
Mogadishu,GMT+03:00,Somalia,2.033333302,45.34999847,E. Africa Standard Time
Moroni,GMT+03:00,Comoros,-11.69999981,43.25,E. Africa Standard Time
Nairobi,GMT+03:00,Kenya,-1.283290029,36.81669617,E. Africa Standard Time
Esfahan,GMT+03:30,Iran,32.65139008,51.67916489,Iran Standard Time
Shiraz,GMT+03:30,Iran,29.60194397,52.53138733,Iran Standard Time
Takab,GMT+03:30,Iran,36.40000153,47.10638809,Iran Standard Time
Tehran,GMT+03:30,Iran,35.67190552,51.43333435,Iran Standard Time
Yazd,GMT+03:30,Iran,31.89666748,54.36055374,Iran Standard Time
Abu Dhabi,GMT+04:00,United Arab Emirates,24.48333359,54.36666489,Arabian Standard Time
Al Ain,GMT+04:00,United Arab Emirates,24.22583389,55.74416733,Arabian Standard Time
Dubai,GMT+04:00,United Arab Emirates,25.21666718,55.28333282,Arabian Standard Time
Fujairah,GMT+04:00,United Arab Emirates,25.11888885,56.34944534,Arabian Standard Time
Masafi,GMT+04:00,United Arab Emirates,25.30333328,56.16472244,Arabian Standard Time
Muscat,GMT+04:00,Oman,23.60000038,58.58333206,Arabian Standard Time
Ras Al Khaimah,GMT+04:00,United Arab Emirates,25.78861046,55.94444275,Arabian Standard Time
Saint-Denis,GMT+04:00,Reunion,-20.88333321,55.45000076,Arabian Standard Time
Sharjah,GMT+04:00,United Arab Emirates,25.37194443,55.41055679,Arabian Standard Time
Victoria,GMT+04:00,Seychelles,-4.616666794,55.45000076,Arabian Standard Time
Baku,GMT+04:00,Azerbaijan,40.36639023,49.90000153,Baku Standard Time
Alupka,GMT+04:00,Russia,44.41666794,34.04972076,Crimean Standard Time
Sevastopol,GMT+04:00,Russia,44.59972382,33.53305435,Crimean Standard Time
Simferopol,GMT+04:00,Russia,44.95000076,34.09972382,Crimean Standard Time
Yalta,GMT+04:00,Russia,44.5,34.16666794,Crimean Standard Time
Yevpatoriya,GMT+04:00,Russia,45.21666718,33.38333511,Crimean Standard Time
Flic en Flac,GMT+04:00,Mauritius,-20.28027725,57.37083435,Mauritius Standard Time
Port Louis,GMT+04:00,Mauritius,-20.16194534,57.49888992,Mauritius Standard Time
Anapa,GMT+04:00,Russia,44.90000153,37.31666565,Russian Standard Time
Arkhangelsk,GMT+04:00,Russia,64.51667023,40.65000153,Russian Standard Time
Arzamas,GMT+04:00,Russia,55.38333511,43.83333206,Russian Standard Time
Belgorod,GMT+04:00,Russia,50.59999847,36.61666489,Russian Standard Time
Cherepovets,GMT+04:00,Russia,59.13333511,37.88333511,Russian Standard Time
Dzerzhinsk,GMT+04:00,Russia,56.26666641,43.34999847,Russian Standard Time
Gelendzhik,GMT+04:00,Russia,44.54999924,38.08333206,Russian Standard Time
Ivanovo,GMT+04:00,Russia,57.01666641,41.01666641,Russian Standard Time
Kabardinka,GMT+04:00,Russia,44.65000153,37.95000076,Russian Standard Time
Kazan,GMT+04:00,Russia,55.75,49.13333511,Russian Standard Time
Kolomna,GMT+04:00,Russia,55.08694458,38.77777863,Russian Standard Time
Kostroma,GMT+04:00,Russia,57.76666641,40.95000076,Russian Standard Time
Kovrov,GMT+04:00,Russia,56.36666489,41.33333206,Russian Standard Time
Kronstadt,GMT+04:00,Russia,59.98333359,29.78333282,Russian Standard Time
Kursk,GMT+04:00,Russia,51.73333359,36.16666412,Russian Standard Time
Lipetsk,GMT+04:00,Russia,52.61666489,39.56666565,Russian Standard Time
Moscow,GMT+04:00,Russia,55.75219727,37.58333206,Russian Standard Time
Murmansk,GMT+04:00,Russia,68.98332977,33.13333511,Russian Standard Time
Murom,GMT+04:00,Russia,55.56666565,42.01666641,Russian Standard Time
Nizhniy Novgorod,GMT+04:00,Russia,56.28333282,43.93333435,Russian Standard Time
Novgorod,GMT+04:00,Russia,58.54999924,31.28333282,Russian Standard Time
Novorossiysk,GMT+04:00,Russia,44.71666718,37.78333282,Russian Standard Time
Ostrov,GMT+04:00,Russia,57.34999847,28.31666756,Russian Standard Time
Penza,GMT+04:00,Russia,53.20000076,45,Russian Standard Time
Peterhof,GMT+04:00,Russia,59.86666489,29.91666603,Russian Standard Time
Pskov,GMT+04:00,Russia,57.81666565,28.35000038,Russian Standard Time
Rostov na Donu,GMT+04:00,Russia,47.23333359,39.68333435,Russian Standard Time
Ryazan,GMT+04:00,Russia,54.59999847,39.70000076,Russian Standard Time
Rybinsk,GMT+04:00,Russia,58.04999924,38.81666565,Russian Standard Time
Saransk,GMT+04:00,Russia,54.18333435,45.16666794,Russian Standard Time
Sergiev Posad,GMT+04:00,Russia,56.31666565,38.1333313,Russian Standard Time
Sochi,GMT+04:00,Russia,43.56666565,39.75,Russian Standard Time
Solovki,GMT+04:00,Russia,65.0166626,35.73333359,Russian Standard Time
St. Petersburg,GMT+04:00,Russia,59.89439392,30.26420593,Russian Standard Time
Stavropol,GMT+04:00,Russia,45.06666565,41.96666718,Russian Standard Time
Suzdal,GMT+04:00,Russia,56.41666794,40.45000076,Russian Standard Time
Taganrog,GMT+04:00,Russia,47.21666718,38.91666794,Russian Standard Time
Tuapse,GMT+04:00,Russia,44.09999847,39.06666565,Russian Standard Time
Tula,GMT+04:00,Russia,54.21666718,37.59999847,Russian Standard Time
Tver',GMT+04:00,Russia,56.86666489,35.91666794,Russian Standard Time
Valaam,GMT+04:00,Russia,61.38888931,30.94750023,Russian Standard Time
Velikiye Luki,GMT+04:00,Russia,56.33333206,30.53333282,Russian Standard Time
Vladimir,GMT+04:00,Russia,56.15000153,40.36666489,Russian Standard Time
Volgograd,GMT+04:00,Russia,48.80470276,44.58580017,Russian Standard Time
Vologda,GMT+04:00,Russia,59.21666718,39.86666489,Russian Standard Time
Volokolamsk,GMT+04:00,Russia,56.06666565,35.93333435,Russian Standard Time
Voronezh,GMT+04:00,Russia,51.71666718,39.26666641,Russian Standard Time
Yaroslavl,GMT+04:00,Russia,57.59999847,39.84999847,Russian Standard Time
Izhevsk,GMT+04:00,Russia,56.84972382,53.23333359,Samara Standard Time
Samara,GMT+04:00,Russia,53.13333511,50.09972382,Samara Standard Time
Votkinsk,GMT+04:00,Russia,57.05749893,53.99499893,Samara Standard Time
Tbilisi,GMT+04:00,Georgia,41.71666718,44.81666565,Tbilisi Standard Time
Gyumri,GMT+04:00,Armenia,40.78944397,43.84749985,Armenia Standard Time
Yerevan,GMT+04:00,Armenia,40.18110657,44.5,Armenia Standard Time
Kabul,GMT+04:30,Afghanistan,34.51666641,69.18333435,Afghanistan Standard Time
Kandahar,GMT+04:30,Afghanistan,31.61083412,65.70027924,Afghanistan Standard Time
Mazari Sharif,GMT+04:30,Afghanistan,36.70750046,67.10805511,Afghanistan Standard Time
Bahawalpur,GMT+05:00,Pakistan,26.39222145,71.67138672,Pakistan Standard Time
Golra Sharif,GMT+05:00,Pakistan,33.69388962,72.97694397,Pakistan Standard Time
Islamabad,GMT+05:00,Pakistan,33.66666794,73.13305664,Pakistan Standard Time
Jacobabad,GMT+05:00,Pakistan,28.2761116,68.43416595,Pakistan Standard Time
Karachi,GMT+05:00,Pakistan,24.86666679,67.05000305,Pakistan Standard Time
Lahore,GMT+05:00,Pakistan,31.54500008,74.34055328,Pakistan Standard Time
Multan,GMT+05:00,Pakistan,30.1902771,71.45805359,Pakistan Standard Time
Murree,GMT+05:00,Pakistan,33.90638733,73.39389038,Pakistan Standard Time
Okara,GMT+05:00,Pakistan,30.80138969,73.44833374,Pakistan Standard Time
Peshawar,GMT+05:00,Pakistan,34.00416565,71.54472351,Pakistan Standard Time
Quetta,GMT+05:00,Pakistan,30.20999908,67.02249908,Pakistan Standard Time
Rahim Yar Khan,GMT+05:00,Pakistan,28.41666603,70.29972076,Pakistan Standard Time
Shikarpur,GMT+05:00,Pakistan,27.96166611,68.64221954,Pakistan Standard Time
Sialkot,GMT+05:00,Pakistan,32.51666641,74.55527496,Pakistan Standard Time
Ashkhabad,GMT+05:00,Turkmenistan,37.95000076,58.38333511,West Asia Standard Time
Dushanbe,GMT+05:00,Tajikistan,38.56666565,68.78333282,West Asia Standard Time
Male,GMT+05:00,Maldives,4.166666508,73.5,West Asia Standard Time
Tashkent,GMT+05:00,Uzbekistan,41.33333206,69.30000305,West Asia Standard Time
Agra,GMT+05:30,India,27.18333244,78,India Standard Time
Ahmedabad,GMT+05:30,India,23.03972244,72.56694794,India Standard Time
Amritsar,GMT+05:30,India,31.63333321,74.8666687,India Standard Time
Aurangabad,GMT+05:30,India,19.8852787,75.31972504,India Standard Time
Bangalore,GMT+05:30,India,12.96666622,77.56666565,India Standard Time
Bareilly,GMT+05:30,India,28.35333252,79.40944672,India Standard Time
Bhopal,GMT+05:30,India,23.23555565,77.40972137,India Standard Time
Bhubaneswar,GMT+05:30,India,20.26361084,85.83528137,India Standard Time
Chandigarh,GMT+05:30,India,30.73333359,76.78333282,India Standard Time
Chennai,GMT+05:30,India,13.08333302,80.26667023,India Standard Time
Cheruvathur,GMT+05:30,India,12.21583366,75.16139221,India Standard Time
Chirala,GMT+05:30,India,15.8283329,80.35666656,India Standard Time
Coimbatore,GMT+05:30,India,11.00527763,76.97083282,India Standard Time
Colombo,GMT+05:30,Sri Lanka,6.933333397,79.84999847,India Standard Time
Dambulla,GMT+05:30,Sri Lanka,7.856666565,80.64916992,India Standard Time
Darasuram,GMT+05:30,India,10.95138931,79.35610962,India Standard Time
Dausa,GMT+05:30,India,26.88944435,76.33611298,India Standard Time
Delhi,GMT+05:30,India,28.61666679,77.21670532,India Standard Time
Galle,GMT+05:30,Sri Lanka,6.033333302,80.21833038,India Standard Time
Gaya,GMT+05:30,India,24.78000069,85,India Standard Time
Ghatgaon,GMT+05:30,India,21.40416718,85.88694763,India Standard Time
Ghumli,GMT+05:30,India,21.88583374,69.76361084,India Standard Time
Gulbarga,GMT+05:30,India,17.32999992,76.83000183,India Standard Time
Hanamkonda,GMT+05:30,India,18.01666641,79.6333313,India Standard Time
Hassan,GMT+05:30,India,13.00722218,76.09444427,India Standard Time
Hikkaduwa,GMT+05:30,Sri Lanka,6.128055573,80.10444641,India Standard Time
Homagama,GMT+05:30,Sri Lanka,6.840833187,80.0138855,India Standard Time
Hubli,GMT+05:30,India,15.35000038,75.1333313,India Standard Time
Hyderabad,GMT+05:30,India,17.39999962,78.48332977,India Standard Time
Jaipur,GMT+05:30,India,26.89999962,75.80000305,India Standard Time
Jammu,GMT+05:30,India,32.70888901,74.85250092,India Standard Time
Jamshedpur,GMT+05:30,India,22.77861023,86.20888519,India Standard Time
Jeypore,GMT+05:30,India,18.85805511,82.5708313,India Standard Time
Kalutara,GMT+05:30,Sri Lanka,6.589444637,79.98083496,India Standard Time
Kandy,GMT+05:30,Sri Lanka,7.284444332,80.63749695,India Standard Time
Kanpur,GMT+05:30,India,26.45000076,80.31666565,India Standard Time
Kanyakumari,GMT+05:30,India,8.084166527,77.54194641,India Standard Time
Kasaragod,GMT+05:30,India,12.5,74.98332977,India Standard Time
Kasauli,GMT+05:30,India,30.89972305,76.96722412,India Standard Time
Kochi,GMT+05:30,India,10.01666641,76.21666718,India Standard Time
Kodaikanal,GMT+05:30,India,10.23555565,77.48750305,India Standard Time
Kolhapur,GMT+05:30,India,16.6977787,74.22638702,India Standard Time
Kolkata,GMT+05:30,India,22.53333282,88.36959839,India Standard Time
Konark,GMT+05:30,India,19.89999962,86.19999695,India Standard Time
Kumbakonam,GMT+05:30,India,10.96666622,79.3833313,India Standard Time
Kurunegala,GMT+05:30,Sri Lanka,7.483333111,80.3666687,India Standard Time
Lucknow,GMT+05:30,India,26.85000038,80.91666412,India Standard Time
Madikeri,GMT+05:30,India,12.41666603,75.75,India Standard Time
Madurai,GMT+05:30,India,9.916666985,78.1166687,India Standard Time
Mahabalipuram,GMT+05:30,India,12.61666679,80.19166565,India Standard Time
Mandarmoni,GMT+05:30,India,21.65027809,87.65833282,India Standard Time
Mangalore,GMT+05:30,India,12.86666679,74.84999847,India Standard Time
Maram Bazar,GMT+05:30,India,25.47555542,94.13694763,India Standard Time
Matale,GMT+05:30,Sri Lanka,7.466666698,80.6166687,India Standard Time
Mathura,GMT+05:30,India,27.49250031,77.6736145,India Standard Time
Mudumalai,GMT+05:30,India,11.57638931,76.58305359,India Standard Time
Mumbai,GMT+05:30,India,18.93333244,72.84999847,India Standard Time
Munnar,GMT+05:30,India,10.08472252,77.06138611,India Standard Time
Mysore,GMT+05:30,India,12.29583359,76.63944244,India Standard Time
Nadiad,GMT+05:30,India,22.70000076,72.87000275,India Standard Time
Nagpur,GMT+05:30,India,21.1558342,79.08916473,India Standard Time
Navi Mumbai,GMT+05:30,India,19.03305626,73.02972412,India Standard Time
Negombo,GMT+05:30,Sri Lanka,7.209444523,79.83416748,India Standard Time
New Delhi,GMT+05:30,India,28.61666679,77.21670532,India Standard Time
Ootacamund,GMT+05:30,India,11.41166687,76.69472504,India Standard Time
Panaji,GMT+05:30,India,15.49222183,73.81833649,India Standard Time
Patna,GMT+05:30,India,25.61388969,85.13527679,India Standard Time
Polonnaruwa,GMT+05:30,Sri Lanka,7.932777882,81.00805664,India Standard Time
Porbandar,GMT+05:30,India,21.64333344,69.61194611,India Standard Time
Pune,GMT+05:30,India,18.53333282,73.8666687,India Standard Time
Puri,GMT+05:30,India,19.79916573,85.82499695,India Standard Time
Rajahmundry,GMT+05:30,India,17.0102787,81.78778076,India Standard Time
Ranchi,GMT+05:30,India,23.35861206,85.33388519,India Standard Time
Secunderabad,GMT+05:30,India,17.49916649,78.54194641,India Standard Time
Shimla,GMT+05:30,India,31.10361099,77.16444397,India Standard Time
Sigiriya,GMT+05:30,Sri Lanka,7.958055496,80.72916412,India Standard Time
Sivakasi,GMT+05:30,India,9.448611259,77.79805756,India Standard Time
Surat,GMT+05:30,India,21.19499969,72.81944275,India Standard Time
Thiruvananthapuram,GMT+05:30,India,8.5,76.94999695,India Standard Time
Tiruchirapalli,GMT+05:30,India,10.80000019,78.69999695,India Standard Time
Tuticorin,GMT+05:30,India,8.816666603,78.1333313,India Standard Time
Vadodara,GMT+05:30,India,22.30638885,73.1875,India Standard Time
Vishakhapatnam,GMT+05:30,India,17.73333359,83.30000305,India Standard Time
Vizianagaram,GMT+05:30,India,18.11388969,83.40944672,India Standard Time
Biratchowk,GMT+05:45,Nepal,26.66916656,87.38111115,Nepal Standard Time
Damauli,GMT+05:45,Nepal,27.95861053,84.28055573,Nepal Standard Time
Dharan,GMT+05:45,Nepal,26.81138802,87.26889038,Nepal Standard Time
Itahari,GMT+05:45,Nepal,26.66666603,87.28360748,Nepal Standard Time
Kathmandu,GMT+05:45,Nepal,27.70000076,85.31658936,Nepal Standard Time
Lumbini,GMT+05:45,Nepal,27.48749924,83.26305389,Nepal Standard Time
Yasok,GMT+05:45,Nepal,27.06833267,87.64778137,Nepal Standard Time
Bandarban,GMT+06:00,Bangladesh,22.19611168,92.21749878,Bangladesh Standard Time
Chittagong,GMT+06:00,Bangladesh,22.36666679,91.80000305,Bangladesh Standard Time
Cox's Bazar,GMT+06:00,Bangladesh,21.44333267,91.97222137,Bangladesh Standard Time
Dhaka,GMT+06:00,Bangladesh,23.85000038,90.40000153,Bangladesh Standard Time
Sylhet,GMT+06:00,Bangladesh,24.89777756,91.8713913,Bangladesh Standard Time
Tangail,GMT+06:00,Bangladesh,24.24749947,89.92111206,Bangladesh Standard Time
Almaty,GMT+06:00,Kazakhstan,43.31666565,76.91666412,Central Asia Standard Time
Astana,GMT+06:00,Kazakhstan,51.18110657,71.42779541,Central Asia Standard Time
Bishkek,GMT+06:00,Kyrgyzstan,42.86666489,74.58333588,Central Asia Standard Time
Thimphu,GMT+06:00,Bhutan,27.45000076,89.66666412,Central Asia Standard Time
Zaysan,GMT+06:00,Kazakhstan,47.46472168,84.87055206,Central Asia Standard Time
Chelyabinsk,GMT+06:00,Russia,55.15000153,61.43333435,Ekaterinburg Standard Time
Ekaterinburg,GMT+06:00,Russia,56.84999847,60.59999847,Ekaterinburg Standard Time
Kungur,GMT+06:00,Russia,57.43333435,56.95000076,Ekaterinburg Standard Time
Kurgan,GMT+06:00,Russia,55.45360947,65.34222412,Ekaterinburg Standard Time
Perm,GMT+06:00,Russia,58,56.25,Ekaterinburg Standard Time
Ufa,GMT+06:00,Russia,54.83333206,56.09999847,Ekaterinburg Standard Time
Kyaikto,GMT+06:30,Burma,17.30861092,97.01860809,Myanmar Standard Time
Mandalay,GMT+06:30,Burma,21.97500038,96.08333588,Myanmar Standard Time
Rangoon,GMT+06:30,Burma,16.78333282,96.16666412,Myanmar Standard Time
Thaton,GMT+06:30,Burma,16.9197216,97.36777496,Myanmar Standard Time
Yawnghwe,GMT+06:30,Burma,20.65416718,96.93444824,Myanmar Standard Time
Bandung,GMT+07:00,Indonesia,-6.916666508,107.5999985,SE Asia Standard Time
Bangkok,GMT+07:00,Thailand,13.75,100.5166931,SE Asia Standard Time
Buri Ram,GMT+07:00,Thailand,14.99638844,103.1125031,SE Asia Standard Time
Chiang Mai,GMT+07:00,Thailand,18.78694534,99,SE Asia Standard Time
Da Nang,GMT+07:00,Vietnam,16.05166626,108.2149963,SE Asia Standard Time
Djember,GMT+07:00,Indonesia,-8.172499657,113.7002792,SE Asia Standard Time
Hai Phong,GMT+07:00,Vietnam,20.86138916,106.6797256,SE Asia Standard Time
Hanoi,GMT+07:00,Vietnam,21.01666641,105.8833313,SE Asia Standard Time
Hat Yai,GMT+07:00,Thailand,7.001944542,100.457222,SE Asia Standard Time
Ho Chi Minh,GMT+07:00,Vietnam,10.78333378,106.6999969,SE Asia Standard Time
Hua Hin,GMT+07:00,Thailand,12.57027817,99.95777893,SE Asia Standard Time
Jakarta,GMT+07:00,Indonesia,-6.1743927,106.8294067,SE Asia Standard Time
Medan,GMT+07:00,Indonesia,3.583333254,98.68333435,SE Asia Standard Time
Padang,GMT+07:00,Indonesia,-0.949999988,100.3499985,SE Asia Standard Time
Palembang,GMT+07:00,Indonesia,-2.983333349,104.75,SE Asia Standard Time
Phnom Penh,GMT+07:00,Cambodia,11.5666666,104.9166641,SE Asia Standard Time
Phuket,GMT+07:00,Thailand,7.883333206,98.3833313,SE Asia Standard Time
Semarang,GMT+07:00,Indonesia,-6.966666698,110.4333344,SE Asia Standard Time
Siem Reap,GMT+07:00,Cambodia,13.35888863,103.8616638,SE Asia Standard Time
Songkhla,GMT+07:00,Thailand,7.197500229,100.5977783,SE Asia Standard Time
Surabaya,GMT+07:00,Indonesia,-7.283333302,112.7333298,SE Asia Standard Time
Ubon Ratchathani,GMT+07:00,Thailand,15.22972202,104.8561096,SE Asia Standard Time
Udon Thani,GMT+07:00,Thailand,17.4066658,102.7900009,SE Asia Standard Time
Vientiane,GMT+07:00,Laos,17.96666718,102.6166687,SE Asia Standard Time
Kemerovo,GMT+07:00,Russia,55.37138748,86.05249786,Kemerovo Standard Time
Novosibirsk,GMT+07:00,Russia,55.04110718,82.91666412,Novosibirsk Standard Time
Omsk,GMT+07:00,Russia,55.06666565,73.25,Novosibirsk Standard Time
Tomsk,GMT+07:00,Russia,56.46389008,84.96250153,Novosibirsk Standard Time
Anshan,GMT+08:00,China,41.11666489,122.9833298,China Standard Time
Baotou,GMT+08:00,China,40.66666794,109.8000031,China Standard Time
Beijing,GMT+08:00,China,39.93333435,116.3833313,China Standard Time
Benxi,GMT+08:00,China,41.29416656,123.7663879,China Standard Time
Changchun,GMT+08:00,China,43.88333511,128.3166656,China Standard Time
Chengdu,GMT+08:00,China,30.67000008,104.0713882,China Standard Time
Chongqing,GMT+08:00,China,29.56666565,106.5833359,China Standard Time
Dalian,GMT+08:00,China,38.95000076,121.5833359,China Standard Time
Dandong,GMT+08:00,China,40.12722397,124.3850021,China Standard Time
Foshan,GMT+08:00,China,23.02166748,113.1213913,China Standard Time
Fuzhou,GMT+08:00,China,26.06666756,119.3000031,China Standard Time
Guangzhou,GMT+08:00,China,23.11666679,113.2666702,China Standard Time
Hangzhou,GMT+08:00,China,30.27361107,120.1552811,China Standard Time
Hanjiang,GMT+08:00,China,25.46666718,119.1166687,China Standard Time
Harbin,GMT+08:00,China,45.75,126.6166687,China Standard Time
Hohhot,GMT+08:00,China,40.81666565,111.6500015,China Standard Time
Hong Kong,GMT+08:00,China,22.28333282,114.1666641,China Standard Time
Huizhou,GMT+08:00,China,23.1119442,114.4161148,China Standard Time
Jilin,GMT+08:00,China,43.84999847,126.5666656,China Standard Time
Jinan,GMT+08:00,China,36.65000153,116.9666672,China Standard Time
Jinzhou,GMT+08:00,China,39.10027695,121.7191696,China Standard Time
Kowloon,GMT+08:00,China,22.29999924,114.1833344,China Standard Time
Kunming,GMT+08:00,China,25.06666756,102.6833344,China Standard Time
Lanzhou,GMT+08:00,China,36.06666565,103.75,China Standard Time
Luancheng,GMT+08:00,China,37.88333511,114.6500015,China Standard Time
Macau,GMT+08:00,China,22.20000076,113.5500031,China Standard Time
Nanjing,GMT+08:00,China,32.04999924,118.7833328,China Standard Time
Ningbo,GMT+08:00,China,29.86833382,121.5438919,China Standard Time
Qingdao,GMT+08:00,China,36.08333206,120.3333359,China Standard Time
Sanxiang,GMT+08:00,China,22.35000038,113.4166641,China Standard Time
Shanghai,GMT+08:00,China,31.23333359,121.4499969,China Standard Time
Shekou,GMT+08:00,China,22.48861122,113.9180527,China Standard Time
Shenyang,GMT+08:00,China,41.79999924,123.3833313,China Standard Time
Shenzhen,GMT+08:00,China,22.54999924,114.1166687,China Standard Time
Shijiazhuang,GMT+08:00,China,38.04999924,114.5,China Standard Time
Simatai,GMT+08:00,China,40.6455574,117.2624969,China Standard Time
Suifenhe,GMT+08:00,China,44.3955574,131.140274,China Standard Time
Suzhou,GMT+08:00,China,33.63333511,117,China Standard Time
Taian,GMT+08:00,China,36.18333435,117.1333313,China Standard Time
Taiyuan,GMT+08:00,China,37.89305496,112.5516663,China Standard Time
Tanggu,GMT+08:00,China,39,117.6833344,China Standard Time
Tangshan,GMT+08:00,China,39.61666489,118.1833344,China Standard Time
Tianjin,GMT+08:00,China,39.13333511,117.1833344,China Standard Time
Urumqi,GMT+08:00,China,43.79999924,87.58333588,China Standard Time
Wuhan,GMT+08:00,China,30.59472275,114.3022232,China Standard Time
Xiamen,GMT+08:00,China,24.47972298,118.089447,China Standard Time
Xian,GMT+08:00,China,34.26666641,108.8833313,China Standard Time
Yantai,GMT+08:00,China,37.54999924,121.3666687,China Standard Time
Zhengzhou,GMT+08:00,China,34.75,113.6666641,China Standard Time
Zhongshan,GMT+08:00,China,22.51666641,113.3927765,China Standard Time
Krasnoyarsk,GMT+08:00,Russia,56.00833511,92.76667023,Krasnoyarsk Standard Time
Bacolod,GMT+08:00,Philippines,10.67805576,122.9466629,Singapore Standard Time
Balabag,GMT+08:00,Philippines,11.96694469,121.9274979,Singapore Standard Time
Balanga,GMT+08:00,Philippines,14.67500019,120.5386124,Singapore Standard Time
Balikpapan,GMT+08:00,Indonesia,-1.263611078,116.827774,Singapore Standard Time
Bandar Seri Begawan,GMT+08:00,Brunei,4.933333397,114.9499969,Singapore Standard Time
Butterworth,GMT+08:00,Malaysia,5.396944523,100.4141693,Singapore Standard Time
Catarman,GMT+08:00,Philippines,12.50249958,124.6358337,Singapore Standard Time
Cebu,GMT+08:00,Philippines,10.30722237,123.8983307,Singapore Standard Time
Davao,GMT+08:00,Philippines,7.079999924,125.6136093,Singapore Standard Time
Denpasar,GMT+08:00,Indonesia,-8.656389236,115.2222214,Singapore Standard Time
Dumaguete,GMT+08:00,Philippines,9.314167023,123.3102798,Singapore Standard Time
Ende,GMT+08:00,Indonesia,-8.84916687,121.6622238,Singapore Standard Time
George Town,GMT+08:00,Malaysia,5.363611221,100.3108368,Singapore Standard Time
Iligan,GMT+08:00,Philippines,8.232777596,124.2402802,Singapore Standard Time
Kendari,GMT+08:00,Indonesia,-3.968611002,122.5211105,Singapore Standard Time
Kota Kinabalu,GMT+08:00,Malaysia,5.976388931,116.1158371,Singapore Standard Time
Kuala Lumpur,GMT+08:00,Malaysia,3.166702271,101.7000122,Singapore Standard Time
Kuching,GMT+08:00,Malaysia,1.530833364,110.3441696,Singapore Standard Time
Kupang,GMT+08:00,Indonesia,-10.16666698,123.5833359,Singapore Standard Time
Labuan,GMT+08:00,Malaysia,5.291388988,115.2458344,Singapore Standard Time
Makassar,GMT+08:00,Indonesia,-5.151944637,119.4122238,Singapore Standard Time
Manila,GMT+08:00,Philippines,14.58333302,121,Singapore Standard Time
Marawi,GMT+08:00,Philippines,8.002778053,124.2919464,Singapore Standard Time
Mataram,GMT+08:00,Indonesia,-8.581944466,116.1069412,Singapore Standard Time
Pomalaa,GMT+08:00,Indonesia,-4.053333282,121.5958328,Singapore Standard Time
Santa Cruz,GMT+08:00,Philippines,13.48055553,122.0325012,Singapore Standard Time
Silang,GMT+08:00,Philippines,14.23055553,120.9749985,Singapore Standard Time
Singapore,GMT+08:00,Singapore,1.299999952,103.8499985,Singapore Standard Time
Taguig,GMT+08:00,Philippines,14.52111149,121.0622253,Singapore Standard Time
Tanjay City,GMT+08:00,Philippines,9.519721985,123.160553,Singapore Standard Time
Ubud,GMT+08:00,Indonesia,-8.49750042,115.265831,Singapore Standard Time
Waingapu,GMT+08:00,Indonesia,-9.662777901,120.2669449,Singapore Standard Time
Dampier,GMT+08:00,Australia,-20.66666603,116.7166672,W. Australia Standard Time
Mandurah,GMT+08:00,Australia,-32.53333282,115.75,W. Australia Standard Time
Perth,GMT+08:00,Australia,-31.96666718,115.8166656,W. Australia Standard Time
Port Hedland,GMT+08:00,Australia,-20.31666756,118.5999985,W. Australia Standard Time
Taichung,GMT+08:00,Taiwan,24.14999962,120.6666641,Taipei Standard Time
Taipei,GMT+08:00,Taiwan,25.04999924,121.5249939,Taipei Standard Time
Ulaanbaatar,GMT+08:00,Mongolia,47.91666794,106.8833313,Ulaanbaatar Standard Time
Irkutsk,GMT+09:00,Russia,52.26638794,104.3330536,Ikrutsk Standard Time
Akita,GMT+09:00,Japan,39.75,140.0833282,Tokyo Standard Time
Ambon,GMT+09:00,Indonesia,-3.700000048,128.1666718,Tokyo Standard Time
Fukui,GMT+09:00,Japan,36.06666565,136.2166595,Tokyo Standard Time
Fukuoka,GMT+09:00,Japan,33.58333206,130.3999939,Tokyo Standard Time
Hiroshima,GMT+09:00,Japan,34.38333511,132.4333344,Tokyo Standard Time
Kagoshima,GMT+09:00,Japan,31.56666756,130.5500031,Tokyo Standard Time
Kawasaki,GMT+09:00,Japan,35.52416611,139.7141724,Tokyo Standard Time
Koror,GMT+09:00,Palau,7.349999905,134.4833374,Tokyo Standard Time
Kyoto,GMT+09:00,Japan,35.01666641,135.75,Tokyo Standard Time
Masohi,GMT+09:00,Indonesia,-3.340277672,128.9236145,Tokyo Standard Time
Nagasaki,GMT+09:00,Japan,32.76666641,129.8666687,Tokyo Standard Time
Nagoya,GMT+09:00,Japan,35.15000153,136.9166718,Tokyo Standard Time
Naha,GMT+09:00,Japan,26.20472145,127.6924973,Tokyo Standard Time
Niigata,GMT+09:00,Japan,37.91666794,139.0500031,Tokyo Standard Time
Okinawa,GMT+09:00,Japan,26.33888817,127.8155518,Tokyo Standard Time
Osaka,GMT+09:00,Japan,34.66670227,135.5,Tokyo Standard Time
Pyongyang,GMT+09:00,"Korea North",39,125.7833328,Tokyo Standard Time
Sapporo,GMT+09:00,Japan,43.05470276,141.3539124,Tokyo Standard Time
Sendai,GMT+09:00,Japan,38.25,140.8833313,Tokyo Standard Time
Tokyo,GMT+09:00,Japan,35.65000153,139.7333374,Tokyo Standard Time
Wakkana,GMT+09:00,Japan,45.40166855,141.682785,Tokyo Standard Time
Yokohama,GMT+09:00,Japan,35.43333435,139.6499939,Tokyo Standard Time
Yokosuka,GMT+09:00,Japan,35.25,139.6666718,Tokyo Standard Time
Busan,GMT+09:00,"Korea South",35.15777588,129.054718,Korea Standard Time
Daegu,GMT+09:00,"Korea South",35.86360931,128.5913849,Korea Standard Time
Dili,GMT+09:00,East Timor,-8.566666603,125.5833359,Korea Standard Time
Seoul,GMT+09:00,"Korea South",37.54999924,126.9666672,Korea Standard Time
Ulan-Ude,GMT+09:00,Russia,51.84583282,107.5647202,Ulan-Ude Standard Time
Adelaide,GMT+09:30,Australia,-34.93333435,138.6000061,Cen. Australia Standard Time
Alice Springs,GMT+09:30,Australia,-23.70000076,133.8666687,AUS Central Standard Time
Darwin,GMT+09:30,Australia,-12.4333334,130.8500061,AUS Central Standard Time
Brisbane,GMT+10:00,Australia,-27.46666718,153.0166626,E. Australia Standard Time
Cairns,GMT+10:00,Australia,-16.92472267,145.7733307,E. Australia Standard Time
Gatton,GMT+10:00,Australia,-27.56666756,152.2833405,E. Australia Standard Time
Gladstone,GMT+10:00,Australia,-23.85000038,151.2666626,E. Australia Standard Time
Mackay,GMT+10:00,Australia,-21.14999962,149.1833344,E. Australia Standard Time
Toowoomba,GMT+10:00,Australia,-27.56666756,151.9666595,E. Australia Standard Time
Townsville,GMT+10:00,Australia,-19.28333282,146.8000031,E. Australia Standard Time
Albury,GMT+10:00,Australia,-36.08222198,146.9102783,AUS Eastern Standard Time
Canberra,GMT+10:00,Australia,-35.28333282,149.2166595,AUS Eastern Standard Time
Gosford,GMT+10:00,Australia,-33.42722321,151.343338,AUS Eastern Standard Time
Grafton,GMT+10:00,Australia,-29.68333244,152.9333344,AUS Eastern Standard Time
Lismore,GMT+10:00,Australia,-28.8125,153.2786102,AUS Eastern Standard Time
Melbourne,GMT+10:00,Australia,-37.81669617,144.9667053,AUS Eastern Standard Time
Newcastle,GMT+10:00,Australia,-32.92638779,151.7811127,AUS Eastern Standard Time
North Ryde,GMT+10:00,Australia,-33.79666519,151.1244507,AUS Eastern Standard Time
Orange,GMT+10:00,Australia,-33.2836113,149.1000061,AUS Eastern Standard Time
Sydney,GMT+10:00,Australia,-33.86666489,151.2166595,AUS Eastern Standard Time
Warrnambool,GMT+10:00,Australia,-38.38333511,142.4833374,AUS Eastern Standard Time
Wodonga,GMT+10:00,Australia,-36.03333282,146.5666656,AUS Eastern Standard Time
Wollongong,GMT+10:00,Australia,-34.41666794,150.8666687,AUS Eastern Standard Time
Hagatna,GMT+10:00,Guam,13.46666622,144.75,West Pacific Standard Time
Mount Hagen,GMT+10:00,Papua New Guinea,-5.864722252,144.2200012,West Pacific Standard Time
Port Moresby,GMT+10:00,Papua New Guinea,-9.464706421,147.1925049,West Pacific Standard Time
Saipan,GMT+10:00,Northern Mariana Islands,15.1833334,145.75,West Pacific Standard Time
Tamuning,GMT+10:00,Guam,13.48388863,144.7766724,West Pacific Standard Time
Yigo,GMT+10:00,Guam,13.53333378,144.8999939,West Pacific Standard Time
Hobart,GMT+10:00,Australia,-42.88333511,147.3166656,Tasmania Standard Time
Launceston,GMT+10:00,Australia,-41.45000076,147.1333313,Tasmania Standard Time
Port Arthur,GMT+10:00,Australia,-43.15000153,147.8500061,Tasmania Standard Time
Chita,GMT+10:00,Russia,52.04555511,113.4986115,Yakutsk Standard Time
Yakutsk,GMT+10:00,Russia,62.03390503,129.7330933,Yakutsk Standard Time
Khabarovsk,GMT+11:00,Russia,48.41666794,135.1166687,Khabarovsk Standard Time
Okha,GMT+11:00,Russia,53.58333206,142.9333344,Khabarovsk Standard Time
Okhotsk,GMT+11:00,Russia,59.34999847,143.1999969,Khabarovsk Standard Time
Yuzhno-Sakhalinsk,GMT+11:00,Russia,46.95000076,142.7333374,Khabarovsk Standard Time
Honiara,GMT+11:00,Solomon Islands,-9.433303833,159.9500122,Central Pacific Standard Time
Kolonia,GMT+11:00,"Micronesia Federated States of",6.960833549,158.2088928,Central Pacific Standard Time
Kone,GMT+11:00,New Caledonia,-21.06388855,164.8536072,Central Pacific Standard Time
Noumea,GMT+11:00,New Caledonia,-22.26666641,166.4499969,Central Pacific Standard Time
Palikir,GMT+11:00,"Micronesia Federated States of",6.916666508,158.1833344,Central Pacific Standard Time
Port Vila,GMT+11:00,Vanuatu,-17.73333359,168.3166656,Central Pacific Standard Time
Luchegorsk,GMT+11:00,Russia,46.43333435,134.3000031,Vladivostok Standard Time
Nakhodka,GMT+11:00,Russia,42.81638718,132.8666687,Vladivostok Standard Time
Vladivostok,GMT+11:00,Russia,43.13305664,131.8997192,Vladivostok Standard Time
"Kingston Norfolk Island",GMT+11:30,Australia,-29.04999924,167.9333344,Norfolk Island Standard Time
Auckland,GMT+12:00,New Zealand,-36.84999847,174.7666626,New Zealand Standard Time
Christchurch,GMT+12:00,New Zealand,-43.53333282,172.6333313,New Zealand Standard Time
Dunedin,GMT+12:00,New Zealand,-45.88360977,170.4741669,New Zealand Standard Time
Foxton,GMT+12:00,New Zealand,-40.47138977,175.2858276,New Zealand Standard Time
Hastings,GMT+12:00,New Zealand,-39.63999939,176.8413849,New Zealand Standard Time
Kaikoura,GMT+12:00,New Zealand,-42.40222168,173.6805573,New Zealand Standard Time
Kerikeri,GMT+12:00,New Zealand,-35.22444534,173.9513855,New Zealand Standard Time
Napier,GMT+12:00,New Zealand,-39.50500107,176.8997192,New Zealand Standard Time
Paraparaumu,GMT+12:00,New Zealand,-40.91361237,175.0088959,New Zealand Standard Time
Porirua,GMT+12:00,New Zealand,-41.13416672,174.8413849,New Zealand Standard Time
Upper Hutt,GMT+12:00,New Zealand,-41.13944626,175.031662,New Zealand Standard Time
Waikanae,GMT+12:00,New Zealand,-40.87527847,175.0641632,New Zealand Standard Time
Wellington,GMT+12:00,New Zealand,-41.28333282,174.7832947,New Zealand Standard Time
Suva,GMT+12:00,Fiji,-18.01333427,178.4166718,Fiji Standard Time
Magadan,GMT+12:00,Russia,59.56669617,150.7999878,Magadan Standard Time
Funafuti,GMT+12:00,Tuvalu,-8.516666412,179.2166595,Marshall Islands Standard Time
Majuro,GMT+12:00,Marshall Islands,7.116666794,171.0666656,Marshall Islands Standard Time
Mata-Utu,GMT+12:00,Wallis and Futuna,-13.30000019,-176.1666718,Marshall Islands Standard Time
South Tarawa,GMT+12:00,Kiribati,1.316666722,172.9666595,Marshall Islands Standard Time
Anadyr,GMT+12:00,Russia,64.73305511,177.5,Petropavlovsk Standard Time
Petropavlovsk,GMT+12:00,Russia,53.01638794,158.6497192,Petropavlovsk Standard Time
Nuku'alofa,GMT+13:00,Tonga,-21.01666641,-174,Tonga Standard Time
